Category,TotalQuantity
Προϊόντα Ομορφιάς,5947.0
Ανδρική Μόδα / Ανδρικά Ρούχα / Ανδρικές Μπλούζες / Ανδρικά T-Shirts,5187.0
Ανδρική Μόδα / Ανδρικά Ρούχα / Ανδρικές Μπλούζες / Ανδρικές Μπλούζες Πολο,4059.0
Προϊόντα Ομορφιάς / Μακιγιάζ / Μακιγιάζ Χειλιών / Κραγιόν,4009.0
Γυναικεία Ρούχα & Αξεσουάρ / Γυναικεία Ρούχα / Γυναικεία Τοπ / Γυναικεία T-Shirts,3417.0
Ανδρική Μόδα / Ανδρικά Ρούχα / Ανδρικά Πουκάμισα / Ανδρικά Πουκάμισα Casual,3152.0
Γυναικεία Ρούχα & Αξεσουάρ / Γυναικείες Τσάντες / Γυναικείες Τσάντες Ώμου & Shopper Bags,3085.0
Προϊόντα Ομορφιάς / ΑΡΩΜΑΤΑ / Γυναικεία Αρώματα / Eau de Parfum - Parfum,2700.0
Γυναικεία Ρούχα & Αξεσουάρ / Γυναικεία Ρούχα / Γυναικεία Τοπ / Γυναικείες Μπλούζες / Γυναικείες Μπλούζες Casual,2681.0
Προϊόντα Ομορφιάς / Μακιγιάζ / Μακιγιάζ Ματιών / Μάσκαρα Ματιών,2644.0
Γυναικεία Ρούχα & Αξεσουάρ / Γυναικεία Ρούχα / Γυναικεία Πλεκτά / Γυναικεία Πουλόβερ,2292.0
Ανδρικά Ρούχα & Αξεσουάρ / Ανδρικά Ρούχα / Ανδρικές Μπλούζες / Ανδρικά T-Shirts,1942.0
Γυναικεία Ρούχα & Αξεσουάρ / Γυναικεία Παπούτσια / Γυναικεία Sneakers / Με Κορδόνια,1823.0
Προϊόντα Ομορφιάς / Μακιγιάζ / Μακιγιάζ Χειλιών / Lip Gloss,1821.0
Προϊόντα Ομορφιάς / Μακιγιάζ / Μακιγιάζ Προσώπου / Make Up & Foundations Προσώπου,1815.0
Γυναικεία Ρούχα & Αξεσουάρ / Γυναικεία Ρούχα / Γυναικεία Φορέματα / Γυναικεία Φορέματα Midi,1757.0
Ανδρικά Ρούχα & Αξεσουάρ / Ανδρικά Ρούχα / Ανδρικές Μπλούζες / Ανδρικά Φούτερ & Ζακέτες,1736.0
Προϊόντα Ομορφιάς / Μακιγιάζ / Μακιγιάζ Ματιών / Σκιές Ματιών,1688.0
Γυναικεία Ρούχα & Αξεσουάρ / Γυναικεία Ρούχα / Γυναικεία Πουκάμισα / Γυναικεία Πουκάμισα Casual,1676.0
Προϊόντα Ομορφιάς / Περιποίηση Προσώπου / Ενυδάτωση - Αντιγήρανση Προσώπου / Ημέρας,1622.0
Γυναικεία Ρούχα & Αξεσουάρ / Γυναικείες Τσάντες / Γυναικείες Τσάντες Ταχυδρόμου & Cross Body,1575.0
Γυναικεία Ρούχα & Αξεσουάρ / Γυναικείες Τσάντες / Γυναικείες Τσάντες Χειρός,1550.0
Γυναικεία Ρούχα & Αξεσουάρ / Γυναικεία Παπούτσια / Γυναικεία Πέδιλα & Σανδάλια,1550.0
Ανδρικά Ρούχα & Αξεσουάρ / Ανδρικά Ρούχα / Ανδρικά Πουκάμισα / Ανδρικά Πουκάμισα Casual,1538.0
Ανδρικά Ρούχα & Αξεσουάρ / Ανδρικά Ρούχα / Ανδρικά Πλεκτά / Ανδρικά Πουλόβερ,1519.0
Ανδρική Μόδα / Ανδρικά Παπούτσια / Ανδρικά Sneakers,1476.0
Γυναικεία Ρούχα & Αξεσουάρ / Γυναικεία Ρούχα / Γυναικεία Φορέματα / Γυναικεία Φορέματα Μίνι,1401.0
Γυναικεία Ρούχα & Αξεσουάρ / Γυναικεία Παπούτσια / Γυναικεία Μποτάκια,1382.0
Ανδρικά Ρούχα & Αξεσουάρ / Ανδρικά Παπούτσια / Ανδρικά Sneakers,1283.0
Προϊόντα Ομορφιάς & Καλλυντικά,1279.0
Γυναικεία Ρούχα & Αξεσουάρ / Γυναικεία Ρούχα / Γυναικεία Παντελόνια / Παντελόνια σε Ίσια Γραμμή Γυναικεία,1252.0
Γυναικεία Ρούχα & Αξεσουάρ / Γυναικεία Ρούχα / Γυναικεία Τοπ / Γυναικείες Μπλούζες Αμάνικες,1227.0
Ανδρική Μόδα / Ανδρικά Ρούχα / Ανδρικά Μαγιό & Αξεσουάρ Παραλίας / Μαγιό,1204.0
Προϊόντα Ομορφιάς / ΑΡΩΜΑΤΑ / Ανδρικά Αρώματα / Eau de Parfum - Parfum,1145.0
Γυναικεία Ρούχα & Αξεσουάρ / Γυναικεία Ρούχα / Γυναικεία Πανωφόρια / Γυναικεία Μπουφάν,1088.0
Ανδρικά Ρούχα & Αξεσουάρ / Ανδρικά Ρούχα / Ανδρικές Μπλούζες / Ανδρικές Μπλούζες Πολο,1015.0
Ανδρική Μόδα / Ανδρικά Ρούχα / Ανδρικές Μπλούζες / Ανδρικά Φούτερ & Ζακέτες,956.0
"Παιδικά Ρούχα, Παπούτσια & Παιχνίδια / Παιδικά Ρούχα & Αξεσουάρ για Αγόρια / Παιδικές Μπλούζες για Αγόρια / Παιδικά T-Shirts για Αγόρια",908.0
Προϊόντα Ομορφιάς / Περιποίηση Σώματος / Καθαρισμός Σώματος / Αφρόλουτρα,903.0
Ανδρική Μόδα / Ανδρικά Ρούχα / Ανδρικές Βερμούδες,895.0
Γυναικεία Ρούχα & Αξεσουάρ / Γυναικείες Τσάντες / Γυναικεία Σακίδια & Backpacks,876.0
Ανδρική Μόδα / Ανδρικά Ρούχα / Ανδρικά Παντελόνια / Ανδρικά Παντελόνια Chinos,850.0
Γυναικεία Ρούχα & Αξεσουάρ / Γυναικεία Ρούχα / Γυναικεία Πανωφόρια / Γυναικεία Σακάκια,847.0
Προϊόντα Ομορφιάς / Μακιγιάζ / Μακιγιάζ Προσώπου / Ρουζ,839.0
Προϊόντα Ομορφιάς / ΑΡΩΜΑΤΑ / Γυναικεία Αρώματα / Eau de Toilette,787.0
Προϊόντα Ομορφιάς / Μακιγιάζ / Μακιγιάζ Προσώπου / Concealers,769.0
Προϊόντα Ομορφιάς / Μακιγιάζ / Μακιγιάζ Χειλιών / Μολύβια Χειλιών,758.0
Γυναικεία Ρούχα & Αξεσουάρ / Γυναικεία Παπούτσια / Γυναικείες Σαγιονάρες & Παντόφλες,752.0
"Παιδικά Ρούχα, Παπούτσια & Παιχνίδια / Παιδικά Ρούχα & Αξεσουάρ για Αγόρια / Παιδικές Μπλούζες για Αγόρια",726.0
Γυναικεία Ρούχα & Αξεσουάρ / Γυναικεία Αξεσουάρ / Γυναικεία Πορτοφόλια & Θήκες,725.0
Προϊόντα Ομορφιάς / Περιποίηση Προσώπου / Ενυδάτωση & Αντιγήρανση Ματιών / Κρέμες & Gel,717.0
"Παιδικά Ρούχα, Παπούτσια & Παιχνίδια / Παιδικά Ρούχα & Αξεσουάρ για Αγόρια / Παιδικά Σετ Ρούχων για Αγόρια",705.0
Προϊόντα Ομορφιάς / Μακιγιάζ / Μακιγιάζ Ματιών / Μολύβια Ματιών,698.0
"Παιδικά Ρούχα, Παπούτσια & Παιχνίδια / Παιδικά Παπούτσια / Βρεφικά Παπούτσια",695.0
Ανδρικά Ρούχα & Αξεσουάρ / Ανδρικά Ρούχα / Ανδρικά Μπουφάν & Παλτό / Ανδρικά Μπουφάν Καπιτονέ,693.0
"Παιδικά Ρούχα, Παπούτσια & Παιχνίδια / Παιδικά Ρούχα & Αξεσουάρ για Κορίτσια / Παιδικά Παντελόνια για Κορίτσια / Παιδικά Κολάν για Κορίτσια",692.0
Προϊόντα Ομορφιάς / ΑΡΩΜΑΤΑ / Ανδρικά Αρώματα / Eau de Toilette,687.0
Προϊόντα Ομορφιάς / Μακιγιάζ / Μακιγιάζ Ματιών / Eyeliners,673.0
Προϊόντα Ομορφιάς & Καλλυντικά / Μακιγιάζ / Μακιγιάζ Χειλιών / Κραγιόν,672.0
Γυναικεία Ρούχα & Αξεσουάρ / Γυναικεία Ρούχα / Γυναικεία Πανωφόρια / Γυναικεία Παλτό,671.0
Προϊόντα Ομορφιάς / Μακιγιάζ / Μακιγιάζ Χειλιών / Lip Balm,659.0
Ανδρικά Ρούχα & Αξεσουάρ / Ανδρικά Ρούχα / Ανδρικές Κάλτσες / Ανδρικές Κάλτσες Μακριές,657.0
Γυναικεία Ρούχα & Αξεσουάρ / Γυναικεία Ρούχα / Γυναικείες Φούστες / Γυναικείες Φούστες Midi,651.0
Προϊόντα Ομορφιάς / Περιποίηση Προσώπου / Ενυδάτωση - Αντιγήρανση Προσώπου / Serums,651.0
Γυναικεία Ρούχα & Αξεσουάρ / Γυναικεία Ρούχα / Γυναικεία Φούτερ,644.0
Γυναικεία Ρούχα & Αξεσουάρ / Γυναικείες Τσάντες / Γυναικείες Τσάντες Μίνι,638.0
Γυναικεία Ρούχα & Αξεσουάρ / Γυναικεία Παπούτσια / Γυναικεία Μοκασίνια & Loafers,637.0
Ανδρική Μόδα / Ανδρικά Ρούχα / Ανδρικά Πλεκτά / Ανδρικά Πουλόβερ,625.0
"Παιδικά Ρούχα, Παπούτσια & Παιχνίδια / Παιδικά Ρούχα & Αξεσουάρ για Αγόρια / Παιδικά Παντελόνια για Αγόρια / Παιδικές Φορμές για Αγόρια",623.0
Προϊόντα Ομορφιάς / Μακιγιάζ / Μακιγιάζ Προσώπου / Πούδρες Προσώπου,609.0
Προϊόντα Ομορφιάς / Μακιγιάζ / Προϊόντα Νυχιών / Βερνίκια Νυχιών,593.0
Γυναικεία Ρούχα & Αξεσουάρ / Γυναικεία Αξεσουάρ / Γυναικεία Κοσμήματα / Γυναικεία Σκουλαρίκια,543.0
Ανδρική Μόδα / Ανδρικά Ρούχα / Ανδρικές Μπλούζες / Ανδρικές Μπλούζες Μακρυμάνικες,538.0
Home / ΚΟΥΖΙΝΑ / Υαλικά / Ποτήρια,531.0
Ανδρικά Ρούχα & Αξεσουάρ / Ανδρικά Παπούτσια / Ανδρικά Μποτάκια,531.0
Ανδρικά Ρούχα & Αξεσουάρ / Ανδρικά Ρούχα / Ανδρικές Μπλούζες / Ανδρικές Μπλούζες Μακρυμάνικες,531.0
Home / ΧΡΙΣΤΟΥΓΕΝΝΙΑΤΙΚΑ / Χριστουγεννιάτικα Στολίδια,531.0
Ανδρική Μόδα / Ανδρικά Ρούχα / Ανδρικές Βερμούδες / Ανδρικές Βερμούδες Cargo,529.0
Προϊόντα Ομορφιάς / Μακιγιάζ / Μακιγιάζ Ματιών / Μακιγιάζ & Μολύβια Φρυδιών,521.0
Προϊόντα Ομορφιάς & Καλλυντικά / ΑΡΩΜΑΤΑ / Γυναικεία Αρώματα / Eau de Parfum - Parfum,520.0
"Παιδικά Ρούχα, Παπούτσια & Παιχνίδια / Παιδικά Ρούχα & Αξεσουάρ για Κορίτσια / Παιδικές Μπλούζες για Κορίτσια / Παιδικά T-Shirts για Κορίτσια",516.0
Προϊόντα Ομορφιάς & Καλλυντικά / Μακιγιάζ / Μακιγιάζ Προσώπου / Make Up & Foundations Προσώπου,510.0
Home / Υπνοδωμάτιο / Μαξιλαροθήκες,509.0
Γυναικεία Ρούχα & Αξεσουάρ / Γυναικεία Αξεσουάρ / Γυναικείες Ζώνες,506.0
Γυναικεία Ρούχα & Αξεσουάρ / Γυναικεία Ρούχα / Γυναικεία Παντελόνια / Γυναικεία Παντελόνια Cropped,491.0
Γυναικεία Ρούχα & Αξεσουάρ / Γυναικεία Ρούχα / Γυναικεία Σορτς,489.0
Γυναικεία Ρούχα & Αξεσουάρ / Γυναικεία Ρούχα / Γυναικεία Τοπ / Γυναικείες Μπλούζες / Γυναικείες Μπλούζες Polo,488.0
"Παιδικά Ρούχα, Παπούτσια & Παιχνίδια / Παιδικά Ρούχα & Αξεσουάρ για Κορίτσια / Παιδικά Σετ Ρούχων για Κορίτσια",484.0
Ανδρική Μόδα / Ανδρικά Παπούτσια / Ανδρικές Παντόφλες & Σαγιονάρες,480.0
Γυναικεία Ρούχα & Αξεσουάρ / Γυναικεία Ρούχα / Γυναικεία Τζιν / Γυναικεία Τζιν Straight,477.0
Γυναικεία Ρούχα & Αξεσουάρ / Γυναικεία Ρούχα / Γυναικεία Πλεκτά / Γυναικείες Ζακέτες Πλεκτές,477.0
Home / ΚΟΥΖΙΝΑ / Είδη Σερβιρίσματος,477.0
Προϊόντα Ομορφιάς / Περιποίηση Σώματος / Ενυδάτωση Σώματος  / Ενυδατικές Κρέμες & Lotion,475.0
Ανδρικά Ρούχα & Αξεσουάρ / Ανδρικά Ρούχα / Ανδρικά Μπουφάν & Παλτό / Ανδρικά Μπουφάν,474.0
Γυναικεία Ρούχα & Αξεσουάρ / Γυναικεία Ρούχα / Γυναικεία Τζιν / Γυναικεία Τζιν Καμπάνα & Bootcut,461.0
Ανδρική Μόδα / Ανδρικά Ρούχα / Ανδρικά Εσώρουχα / Ανδρικά Εσώρουχα Σετ,447.0
Γυναικεία Ρούχα & Αξεσουάρ / Γυναικεία Ρούχα / Γυναικεία Μαγιό & Αξεσουάρ Παραλίας / Γυναικεία Μαγιό Μπικίνι / Tops,444.0
"Παιδικά Ρούχα, Παπούτσια & Παιχνίδια / Παιδικά Ρούχα & Αξεσουάρ για Κορίτσια / Παιδικά Φορέματα για Κορίτσια",442.0
Προϊόντα Ομορφιάς / Περιποίηση Σώματος / Ενυδάτωση & Περιποίηση Χεριών / Κρέμες Χεριών,442.0
Προϊόντα Ομορφιάς & Καλλυντικά / ΑΡΩΜΑΤΑ / Ανδρικά Αρώματα / Eau de Parfum - Parfum,435.0
Home / ΔΙΑΚΟΣΜΗΣΗ / Διακοσμητικά Χώρου,432.0
"Παιδικά Ρούχα, Παπούτσια & Παιχνίδια / Παιδικά Ρούχα & Αξεσουάρ για Κορίτσια / Παιδικά Φούτερ για Κορίτσια",429.0
Γυναικεία Ρούχα & Αξεσουάρ / Γυναικεία Ρούχα / Γυναικεία Μαγιό & Αξεσουάρ Παραλίας / Γυναικεία Μαγιό Μπικίνι / Slips,424.0
Προϊόντα Ομορφιάς / Μακιγιάζ / Σετ Μακιγιάζ,420.0
"Παιδικά Ρούχα, Παπούτσια & Παιχνίδια / Παιδικά Ρούχα & Αξεσουάρ για Κορίτσια / Παιδικές Μπλούζες για Κορίτσια",420.0
Ανδρική Μόδα / Ανδρικά Ρούχα / Ανδρικές Κάλτσες / Ανδρικές Κάλτσες Κοντές,417.0
Ανδρικά Ρούχα & Αξεσουάρ / Ανδρικά Ρούχα / Ανδρικά Τζιν / Ανδρικά Τζιν Slim Fit,415.0
Home / Υπνοδωμάτιο / Σεντόνια / Υπέρδιπλα Σεντόνια & Σετ,413.0
Προϊόντα Ομορφιάς / Περιποίηση Προσώπου / Ενυδάτωση - Αντιγήρανση Προσώπου / Νυκτός,411.0
"Παιδικά Ρούχα, Παπούτσια & Παιχνίδια / Παιδικά Ρούχα & Αξεσουάρ για Αγόρια / Παιδικά Μπουφάν & Παλτό για Αγόρια",408.0
"Παιδικά Ρούχα, Παπούτσια & Παιχνίδια / Παιδικά Ρούχα & Αξεσουάρ για Αγόρια / Παιδικά Φούτερ για Αγόρια",404.0
Ανδρική Μόδα / Ανδρικά Αξεσουάρ / Ανδρικά Καπέλα & Σκούφοι,403.0
Ανδρικά Ρούχα & Αξεσουάρ / Ανδρικά Ρούχα / Ανδρικά Τζιν / Ανδρικά Τζιν Straight,399.0
Ανδρική Μόδα / Ανδρικές Τσάντες / Ανδρικά Σακίδια & Backpacks,396.0
Γυναικεία Ρούχα & Αξεσουάρ / Γυναικεία Αξεσουάρ / Γυναικεία Κοσμήματα / Γυναικεία Κολιέ,390.0
Home / Είδη Μπάνιου / Πετσέτες Μπάνιου / Σετ Πετσέτες Μπάνιου,373.0
Προϊόντα Ομορφιάς / Μακιγιάζ / Πινέλα Μακιγιάζ,371.0
Γυναικεία Ρούχα & Αξεσουάρ / Γυναικεία Ρούχα / Γυναικεία Παντελόνια / Γυναικεία Παντελόνια Chinos,368.0
Γυναικεία Ρούχα & Αξεσουάρ / Γυναικεία Ρούχα / Γυναικεία Τζιν / Γυναικεία Τζιν Slim Fit & Skinny,363.0
Ανδρική Μόδα / Ανδρικά Ρούχα / Ανδρικά Μπουφάν & Παλτό / Ανδρικά Μπουφάν,361.0
Προϊόντα Ομορφιάς / Μακιγιάζ / Μακιγιάζ Προσώπου / Bronzers,360.0
Προϊόντα Ομορφιάς / Μακιγιάζ / Μακιγιάζ Προσώπου / Primer Προσώπου,356.0
Home / ΧΡΙΣΤΟΥΓΕΝΝΙΑΤΙΚΑ / Χριστουγεννιάτικη Διακόσμηση,349.0
Ανδρική Μόδα / Ανδρικά Ρούχα / Ανδρικά Τζιν / Ανδρικά Τζιν Straight,348.0
Ανδρική Μόδα / Ανδρικά Ρούχα / Ανδρικές Κάλτσες / Ανδρικές Κάλτσες Μακριές,344.0
Home / ΚΟΥΖΙΝΑ / Πιάτα & Σερβίτσια,343.0
Home / ΚΟΥΖΙΝΑ / Πετσέτες Κουζίνας,340.0
Γυναικεία Ρούχα & Αξεσουάρ / Γυναικεία Παπούτσια / Γυναικείες Μπαλαρίνες & Flats,340.0
Ανδρικά Ρούχα & Αξεσουάρ / Ανδρικά Ρούχα / Ανδρικά Παντελόνια / Ανδρικά Παντελόνια Chinos,325.0
Γυναικεία Ρούχα & Αξεσουάρ / Γυναικεία Αξεσουάρ / Γυναικεία Κασκόλ & Μαντήλια,319.0
Γυναικεία Ρούχα & Αξεσουάρ / Γυναικεία Ρούχα / Γυναικεία Φορέματα / Γυναικεία Φορέματα Maxi,311.0
Προϊόντα Ομορφιάς / ΑΡΩΜΑΤΑ / Ανδρικά Αρώματα / Αποσμητικά Αρωμάτων,310.0
Ανδρικά Ρούχα & Αξεσουάρ / Ανδρικά Ρούχα / Ανδρικά Μπουφάν & Παλτό / Ανδρικά Αμάνικα Μπουφάν,307.0
Ανδρικά Ρούχα & Αξεσουάρ / Ανδρικά Ρούχα / Ανδρικά Πλεκτά / Ανδρικές Ζακέτες,306.0
Προϊόντα Ομορφιάς / Περιποίηση Προσώπου / Ντεμακιγιάζ & Καθαρισμός Προσώπου / Gel Καθαρισμού Προσώπου & Γαλακτώματα,304.0
Home / Είδη Μπάνιου / Πετσέτες Μπάνιου / Πετσέτες Χεριών,302.0
"Παιδικά Ρούχα, Παπούτσια & Παιχνίδια / Παιδικά Ρούχα & Αξεσουάρ για Αγόρια / Παιδικές Μπλούζες για Αγόρια / Παιδικά Μπλουζάκια Πόλο για Αγόρια",302.0
Γυναικεία Ρούχα & Αξεσουάρ / Γυναικεία Παπούτσια / Γυναικείες Γόβες / Γόβες,301.0
Home / Είδη Μπάνιου / Πετσέτες Μπάνιου / Πετσέτες Προσώπου,299.0
Γυναικεία Ρούχα & Αξεσουάρ / Γυναικεία Ρούχα / Γυναικεία Εσώρουχα / Γυναικεία Σουτιέν,295.0
"Παιδικά Ρούχα, Παπούτσια & Παιχνίδια / Παιδικά Ρούχα & Αξεσουάρ για Αγόρια / Παιδικά Παντελόνια για Αγόρια / Παιδικά Σόρτς & Βερμούδες για Αγόρια",294.0
"Παιδικά Ρούχα, Παπούτσια & Παιχνίδια / Παιδικά Ρούχα & Αξεσουάρ για Κορίτσια / Παιδικά Μπουφάν για Κορίτσια",291.0
Προϊόντα Ομορφιάς / Περιποίηση Προσώπου / Ντεμακιγιάζ & Καθαρισμός Προσώπου / Αφροί Καθαρισμού Προσώπου,290.0
Ανδρικά Ρούχα & Αξεσουάρ / Ανδρικά Αξεσουάρ / Ανδρικά Καπέλα & Σκούφοι,290.0
Ανδρική Μόδα / Ανδρικά Ρούχα / Ανδρικά Πουκάμισα / Ανδρικά Πουκάμισα Επίσημα & Βραδινά,290.0
Προϊόντα Ομορφιάς / Αντηλιακά / Αντηλιακά Προσώπου,287.0
Προϊόντα Ομορφιάς & Καλλυντικά / Μακιγιάζ / Μακιγιάζ Ματιών / Σκιές Ματιών,284.0
Προϊόντα Ομορφιάς / Μακιγιάζ / Μακιγιάζ Προσώπου / Highlighters Προσώπου,283.0
Προϊόντα Ομορφιάς / Μακιγιάζ / Αξεσουάρ Μακιγιάζ,275.0
Γυναικεία Ρούχα & Αξεσουάρ / Γυναικεία Αξεσουάρ / Γυναικεία Καπέλα - Σκούφοι,269.0
Γυναικεία Ρούχα & Αξεσουάρ / Γυναικεία Παπούτσια / Γυναικεία Mules & Platforms,266.0
Γυναικεία Ρούχα & Αξεσουάρ / Γυναικεία Ρούχα / Γυναικείες Φούστες / Γυναικείες Φούστες Μίνι,263.0
Προϊόντα Ομορφιάς / Περιποίηση Προσώπου / Σετ Περιποίησης Προσώπου,261.0
Ανδρική Μόδα / Ανδρικά Αθλητικά / Ανδρικά Αθλητικά Ρούχα / Αθλητικές Μπλούζες / Ανδρικά Αθλητικά T-Shirts,253.0
Προϊόντα Ομορφιάς & Καλλυντικά / ΑΡΩΜΑΤΑ / Ανδρικά Αρώματα / Eau de Toilette,252.0
Γυναικεία Ρούχα & Αξεσουάρ / Γυναικεία Ρούχα / Γυναικεία Μαγιό & Αξεσουάρ Παραλίας / Γυναικεία Μαγιό Ολόσωμα,250.0
Προϊόντα Ομορφιάς / Περιποίηση Προσώπου / Ντεμακιγιάζ & Καθαρισμός Προσώπου / Τονωτικές Λοσιόν Προσώπου,249.0
Προϊόντα Ομορφιάς / Μακιγιάζ / Μακιγιάζ Προσώπου / Contouring,249.0
Γυναικεία Ρούχα & Αξεσουάρ / Γυναικεία Ρούχα / Γυναικεία Παντελόνια / Γυναικεία Παντελόνια Καμπάνα,247.0
Γυναικεία Ρούχα & Αξεσουάρ / Γυναικεία Ρούχα / Γυναικείες Κάλτσες & Καλσόν,244.0
Προϊόντα Ομορφιάς & Καλλυντικά / Περιποίηση Σώματος / Καθαρισμός Σώματος / Αφρόλουτρα,240.0
Γυναικεία Ρούχα & Αξεσουάρ / Γυναικεία Ρούχα / Γυναικεία Παντελόνια / Γυναικεία Παντελόνια Φόρμας,239.0
Γυναικεία Ρούχα & Αξεσουάρ / Γυναικεία Παπούτσια / Γυναικείες Εσπαντρίγιες,238.0
Προϊόντα Ομορφιάς / Περιποίηση Σώματος / Αποσμητικά,236.0
Ανδρικά Ρούχα & Αξεσουάρ / Ανδρικά Αθλητικά / Ανδρικά Αθλητικά Ρούχα / Αθλητικές Μπλούζες / Ανδρικά Αθλητικά T-Shirts,232.0
Γυναικεία Ρούχα & Αξεσουάρ / Γυναικεία Ρούχα / Γυναικεία Παντελόνια / Παντελόνια Slim Fit Γυναικεία,231.0
Γυναικεία Ρούχα & Αξεσουάρ / Γυναικεία Αξεσουάρ / Γυναικεία Κοσμήματα / Γυναικεία Βραχιόλια,230.0
Προϊόντα Ομορφιάς / Περιποίηση Προσώπου / Ενυδάτωση & Αντιγήρανση Ματιών / Serum,229.0
Προϊόντα Ομορφιάς & Καλλυντικά / Μακιγιάζ / Μακιγιάζ Χειλιών / Μολύβια Χειλιών,229.0
Προϊόντα Ομορφιάς & Καλλυντικά / ΑΡΩΜΑΤΑ / Γυναικεία Αρώματα / Σετ Αρωμάτων,227.0
Προϊόντα Ομορφιάς & Καλλυντικά / ΑΡΩΜΑΤΑ / Γυναικεία Αρώματα / Eau de Toilette,226.0
Γυναικεία Ρούχα & Αξεσουάρ / Γυναικεία Ρούχα / Γυναικεία Πανωφόρια / Γυναικεία Μπουφάν / Γυναικεία Αμάνικα Μπουφάν,226.0
"Παιδικά Ρούχα, Παπούτσια & Παιχνίδια / Βρεφικά για Αγόρια / Βρεφικά Ρούχα για Αγόρια / Βρεφικά Σετ Ρούχων για Αγόρια",225.0
Ανδρική Μόδα / Ανδρικά Παπούτσια / Ανδρικά Μοκασίνια & Loafers,224.0
Ανδρικά Ρούχα & Αξεσουάρ / Ανδρικά Ρούχα / Ανδρικά Εσώρουχα / Ανδρικά Εσώρουχα Σετ,224.0
Προϊόντα Ομορφιάς & Καλλυντικά / Περιποίηση Προσώπου / Ενυδάτωση - Αντιγήρανση Προσώπου / Ημέρας,222.0
Home / ΚΟΥΖΙΝΑ / Αποθήκευση,222.0
Ανδρικά Ρούχα & Αξεσουάρ / Ανδρικά Ρούχα / Ανδρικά Παντελόνια / Ανδρικές Φόρμες,220.0
"Παιδικά Ρούχα, Παπούτσια & Παιχνίδια / Παιδικά Ρούχα & Αξεσουάρ για Κορίτσια / Παιδικά Παντελόνια για Κορίτσια / Παιδικές Φόρμες για Κορίτσια",217.0
Home / ΚΟΥΖΙΝΑ / Αξεσουάρ Kουζίνας / Σετ μαχαιροπίρουνα,217.0
Ανδρικά Ρούχα & Αξεσουάρ / Ανδρικά Παπούτσια / Ανδρικά Μοκασίνια & Loafers,216.0
Γυναικεία Ρούχα & Αξεσουάρ / Γυναικεία Αξεσουάρ / Γυναικεία Αξεσουάρ Υποδημάτων,214.0
Γυναικεία Ρούχα & Αξεσουάρ / Γυναικεία Ρούχα / Γυναικεία Εσώρουχα / Γυναικεία Σλιπ,214.0
Προϊόντα Ομορφιάς / ΑΡΩΜΑΤΑ / Γυναικεία Αρώματα / Αρωματικές Κρέμες & Lotion,214.0
Ανδρική Μόδα / Ανδρικά Αξεσουάρ / Ανδρικές Ζώνες,211.0
"Παιδικά Ρούχα, Παπούτσια & Παιχνίδια / Παιδικά Ρούχα & Αξεσουάρ για Αγόρια / Παιδικές Ζακέτες για Αγόρια",210.0
Home / ΚΟΥΖΙΝΑ / Μαγειρικά Σκεύη,208.0
"Παιδικά Ρούχα, Παπούτσια & Παιχνίδια / Παιδικά Παπούτσια / Παιδικά Παπούτσια για Κορίτσια / Παιδικές Σαγιονάρες & Σανδάλια για Κορίτσια",208.0
Γυναικεία Ρούχα & Αξεσουάρ / Γυναικεία Ρούχα / Γυναικεία Τζιν / Γυναικεία Cropped Τζιν,204.0
Γυναικεία Ρούχα & Αξεσουάρ / Γυναικεία Αξεσουάρ / Γυναικεία Κοσμήματα / Γυναικεία Δαχτυλίδια,203.0
Home / ΚΟΥΖΙΝΑ / Φλυτζάνια & Κούπες,200.0
Γυναικεία Ρούχα & Αξεσουάρ / Γυναικείες Τσάντες / Γυναικείες Τσάντες Bucket,199.0
Γυναικεία Ρούχα & Αξεσουάρ / Γυναικεία Ρούχα / Γυναικεία Παντελόνια / Γυναικείες Παντελόνες,197.0
Ανδρική Μόδα / Ανδρικά Ρούχα / Ανδρικά Παντελόνια / Παντελόνια Ανδρικά Casual & Πεντάτσεπα,197.0
Ανδρική Μόδα / Ανδρικά Ρούχα / Ανδρικά Παντελόνια / Ανδρικές Φόρμες,196.0
Ανδρική Μόδα / Ανδρικά Ρούχα / Ανδρικά Τζιν / Ανδρικά Τζιν Slim Fit,195.0
Ανδρικά Ρούχα & Αξεσουάρ / Ανδρικά Ρούχα / Ανδρικές Κάλτσες / Ανδρικές Κάλτσες Κοντές,195.0
Home / Είδη Μπάνιου / Αξεσουάρ Μπάνιου,194.0
Γυναικεία Ρούχα & Αξεσουάρ / Γυναικεία Αθλητικά / Γυναικεία Αθλητικά Παπούτσια / Γυναικεία Παπούτσια για Τρέξιμο,192.0
"Παιδικά Ρούχα, Παπούτσια & Παιχνίδια / Βρεφικά για Κορίτσια / Βρεφικά Ρούχα για Κορίτσι / Βρεφικά Σετ Ρούχων για Κορίτσια",191.0
Ανδρικά Ρούχα & Αξεσουάρ / Ανδρικά Ρούχα / Ανδρικά Παντελόνια / Παντελόνια Ανδρικά Casual & Πεντάτσεπα,189.0
Home / Είδη Μπάνιου / Χαλάκια Μπάνιου,187.0
Γυναικεία Ρούχα & Αξεσουάρ / Γυναικείες Τσάντες / Γυναικεία Clutch & Φάκελοι,186.0
Προϊόντα Ομορφιάς / Περιποίηση Προσώπου / Ενυδάτωση - Αντιγήρανση Προσώπου / BB & CC Creams,185.0
"Παιδικά Ρούχα, Παπούτσια & Παιχνίδια / Παιδικά Ρούχα & Αξεσουάρ για Αγόρια / Παιδικά Παντελόνια για Αγόρια / Παιδικά Τζιν για Αγόρια",183.0
Προϊόντα Ομορφιάς / Προϊόντα Περιποίησης Μαλλιών / Σαμπουάν Μαλλιών,183.0
Ανδρικά Ρούχα & Αξεσουάρ / Ανδρικές Τσάντες / Ανδρικά Σακίδια & Backpacks,181.0
Προϊόντα Ομορφιάς / Περιποίηση Προσώπου / Ντεμακιγιάζ & Καθαρισμός Προσώπου / Ντεμακιγιάζ Ματιών,181.0
Ανδρικά Ρούχα & Αξεσουάρ / Ανδρικά Ρούχα / Ανδρικά Εσώρουχα / Ανδρικά Μποξεράκια,175.0
"Παιδικά Ρούχα, Παπούτσια & Παιχνίδια / Παιδικά Ρούχα & Αξεσουάρ για Κορίτσια / Παιδικές Ζακέτες για Κορίτσια",172.0
Γυναικεία Ρούχα & Αξεσουάρ / Γυναικεία Ρούχα / Γυναικεία Μαγιό & Αξεσουάρ Παραλίας / Γυναικεία Μαγιό Μπικίνι / Sets,169.0
Γυναικεία Ρούχα & Αξεσουάρ / Γυναικεία Αθλητικά / Γυναικεία Αθλητικά Ρούχα / Γυναικείες Αθλητικές Μπλούζες / Γυναικεία Αθλητικά T-Shirts,168.0
Ανδρική Μόδα / Ανδρικά Ρούχα / Ανδρικά Εσώρουχα / Ανδρικά Μποξεράκια,165.0
Home / ΔΙΑΚΟΣΜΗΣΗ / Διακοσμητικά Μαξιλάρια,163.0
Home / ΔΙΑΚΟΣΜΗΣΗ / Γραφείο / Γραφική Ύλη / Στυλό,163.0
Ανδρική Μόδα / Ανδρικά Ρούχα / Ανδρικά Μπουφάν & Παλτό / Ανδρικά Αμάνικα Μπουφάν,160.0
Home / ΔΙΑΚΟΣΜΗΣΗ / Αρωματικά χώρου ,158.0
Προϊόντα Ομορφιάς & Καλλυντικά / Περιποίηση Προσώπου / Ενυδάτωση - Αντιγήρανση Προσώπου / Serums,155.0
Γυναικεία Ρούχα & Αξεσουάρ / Γυναικεία Ρούχα / Γυναικεία Πανωφόρια / Γούνες & Faux,155.0
Προϊόντα Ομορφιάς & Καλλυντικά / Μακιγιάζ / Μακιγιάζ Ματιών / Μολύβια Ματιών,154.0
Ανδρική Μόδα / Ανδρικά Αξεσουάρ / Ανδρικά Πορτοφόλια & Θήκες,152.0
Γυναικεία Ρούχα & Αξεσουάρ / Γυναικεία Ρούχα / Γυναικεία Φούτερ / Ζακέτες ,151.0
"Παιδικά Ρούχα, Παπούτσια & Παιχνίδια / Βρεφικά για Κορίτσια / Βρεφικά Ρούχα για Κορίτσι / Βρεφικές Μπλούζες για Κορίτσια",151.0
Home / Υπνοδωμάτιο / Μαξιλάρια Ύπνου,150.0
Προϊόντα Ομορφιάς & Καλλυντικά / Μακιγιάζ / Μακιγιάζ Ματιών / Μάσκαρα Ματιών,149.0
"Παιδικά Ρούχα, Παπούτσια & Παιχνίδια / Παιδικά Ρούχα & Αξεσουάρ για Κορίτσια / Παιδικά Παντελόνια για Κορίτσια / Παιδικά Τζιν για Κορίτσια",149.0
Home / ΚΟΥΖΙΝΑ / Σουπλά & Σουβέρ,147.0
Προϊόντα Ομορφιάς / Περιποίηση Προσώπου / Μάσκες Περιποίησης Προσώπου / Ενυδατικές Μάσκες Προσώπου,146.0
Home / ΔΙΑΚΟΣΜΗΣΗ / Γραφείο / Γραφική Ύλη / Μολύβια,146.0
"Παιδικά Ρούχα, Παπούτσια & Παιχνίδια / Παιδικά Παπούτσια / Παιδικά Παπούτσια για Κορίτσια / Παιδικά Sneakers για Κορίτσια",146.0
Home / Υπνοδωμάτιο / Σεντόνια / Σεντόνια Μονά & Σετ,145.0
"Παιδικά Ρούχα, Παπούτσια & Παιχνίδια",142.0
Ανδρικά Ρούχα & Αξεσουάρ / Ανδρικά Αξεσουάρ / Ανδρικές Ζώνες,141.0
Ανδρική Μόδα / Ανδρικά Παπούτσια / Ανδρικά Boat Shoes,140.0
Home / Είδη Μπάνιου / Πετσέτες Μπάνιου / Πετσέτες Σώματος,139.0
Γυναικεία Ρούχα & Αξεσουάρ / Γυναικεία Ρούχα / Γυναικεία Παντελόνια / Γυναικεία Κολάν,139.0
Προϊόντα Ομορφιάς / Περιποίηση Προσώπου / Θεραπείες Προσώπου,139.0
Γυναικεία Ρούχα & Αξεσουάρ / Γυναικεία Ρούχα / Γυναικεία Μαγιό & Αξεσουάρ Παραλίας / Γυναικείες Πετσέτες Θαλάσσης,136.0
Ανδρική Μόδα / Ανδρικά Ρούχα / Ανδρικά Πλεκτά / Ανδρικές Ζακέτες,136.0
Προϊόντα Ομορφιάς / Περιποίηση Προσώπου / Ντεμακιγιάζ & Καθαρισμός Προσώπου / Απολέπιση - Peeling Προσώπου,133.0
Ανδρική Μόδα / Ανδρικά Αξεσουάρ / Ανδρικές Γραβάτες & Παπιγιόν,132.0
Προϊόντα Ομορφιάς / Μακιγιάζ / Μακιγιάζ Χειλιών / Ενυδάτωση Χειλιών,131.0
Γυναικεία Ρούχα & Αξεσουάρ / Γυναικεία Ρούχα / Γυναικείες Ολόσωμες Φόρμες & Σαλοπέτες,131.0
Ανδρική Μόδα / Ανδρικά Ρούχα / Ανδρικά Εσώρουχα / Ανδρικά Σλιπ,129.0
Ανδρική Μόδα / Ανδρικά Ρούχα / Ανδρικά Παντελόνια / Ανδρικά Παντελόνια Cargo,129.0
Προϊόντα Ομορφιάς / Περιποίηση Σώματος / Σετ Περιποίησης Σώματος,129.0
Ανδρική Μόδα / Ανδρικές Τσάντες / Ανδρικά Τσαντάκια,126.0
Προϊόντα Ομορφιάς / ΑΡΩΜΑΤΑ / Γυναικεία Αρώματα / Σετ Αρωμάτων,125.0
"Παιδικά Ρούχα, Παπούτσια & Παιχνίδια / Βρεφικά για Αγόρια / Βρεφικά Ρούχα για Αγόρια / Βρεφικά Μπλουζάκια για Αγόρια / Βρεφικά T-shirts για Αγόρια",124.0
Προϊόντα Ομορφιάς / Περιποίηση Προσώπου / Ντεμακιγιάζ & Καθαρισμός Προσώπου / Νερό Καθαρισμού Προσώπου Micellaire,122.0
Home / ΓΡΑΦΕΙΟ / Γραφική Ύλη / Στυλό,122.0
Προϊόντα Ομορφιάς / Μακιγιάζ / Προϊόντα Νυχιών / Θεραπεία & Περιποίηση Νυχιών,122.0
Προϊόντα Ομορφιάς & Καλλυντικά / Περιποίηση Σώματος / Ενυδάτωση & Περιποίηση Χεριών / Κρέμες Χεριών,121.0
Προϊόντα Ομορφιάς / ΑΡΩΜΑΤΑ / Ανδρικά Αρώματα / After Shave Αρωμάτων,120.0
Γυναικεία Ρούχα & Αξεσουάρ / Γυναικεία Ρούχα / Γυναικείες Φούστες / Γυναικείες Φούστες Pencil,120.0
"Παιδικά Ρούχα, Παπούτσια & Παιχνίδια / Παιδικά Ρούχα & Αξεσουάρ για Αγόρια / Παιδικά Πουκάμισα για Αγόρια",119.0
Γυναικεία Ρούχα & Αξεσουάρ / Γυναικεία Παπούτσια / Γυναικείες Μπότες / Ως Το Γόνατο,118.0
"Παιδικά Ρούχα, Παπούτσια & Παιχνίδια / Παιδικά Ρούχα & Αξεσουάρ για Κορίτσια / Παιδικά Παντελόνια για Κορίτσια / Παιδικά Σορτς για Κορίτσια",118.0
Ανδρικά Ρούχα & Αξεσουάρ / Ανδρικά Αθλητικά / Ανδρικά Αθλητικά Παπούτσια / Ανδρικά Αθλητικά Παπούτσια για Τρέξιμο,118.0
Γυναικεία Ρούχα & Αξεσουάρ / Γυναικεία Αξεσουάρ / Γυναικείες Ομπρέλες,117.0
Home / Υπνοδωμάτιο / Παπλωματοθήκες / Υπέρδιπλες Παπλωματοθήκες & Σετ,117.0
Προϊόντα Ομορφιάς & Καλλυντικά / Περιποίηση Προσώπου / Σετ Περιποίησης Προσώπου,116.0
Home / ΓΡΑΦΕΙΟ / Γραφική Ύλη / Μαρκαδόροι,116.0
Προϊόντα Ομορφιάς / Αντηλιακά / Αντηλιακά Σώματος,114.0
Ανδρικά Ρούχα & Αξεσουάρ / Ανδρικά Αθλητικά / Ανδρικά Αθλητικά Ρούχα / Ανδρικά Αθλητικά Παντελόνια Φόρμας,114.0
Γυναικεία Ρούχα & Αξεσουάρ / Γυναικεία Ρούχα / Γυναικεία Τοπ / Γυναικεία Ραντάκια & Κορμάκια,114.0
"Παιδικά Ρούχα, Παπούτσια & Παιχνίδια / Παιδικά Ρούχα & Αξεσουάρ για Κορίτσια / Παιδικές Φούστες για Κορίτσια",114.0
"Παιδικά Ρούχα, Παπούτσια & Παιχνίδια / Παιδικά Ρούχα & Αξεσουάρ για Κορίτσια / Αξεσουάρ για Κορίτσια / Αξεσουάρ Μαλλιών για Κορίτσια",113.0
Ανδρική Μόδα / Ανδρικά Αθλητικά / Ανδρικά Αθλητικά Ρούχα / Ανδρικά Αθλητικά Παντελόνια Φόρμας,112.0
Home / ΔΙΑΚΟΣΜΗΣΗ / Ριχτάρια,112.0
Ανδρικά Ρούχα & Αξεσουάρ / Ανδρικά Ρούχα / Ανδρικά Μπουφάν & Παλτό / Ανδρικά Μπουφάν Overshirts,110.0
Γυναικεία Ρούχα & Αξεσουάρ / Γυναικεία Ρούχα / Γυναικεία Τοπ / Γυναικείες Μπλούζες / Γυναικείες Μπλούζες Βραδινές,109.0
Γυναικεία Ρούχα & Αξεσουάρ,109.0
Προϊόντα Ομορφιάς / Περιποίηση Σώματος / Ενυδάτωση Σώματος  / Λάδια Σώματος,107.0
Γυναικεία Ρούχα & Αξεσουάρ / Γυναικεία Παπούτσια / Γυναικεία Sneakers,107.0
Γυναικεία Ρούχα & Αξεσουάρ / Γυναικεία Ρούχα / Γυναικεία Πανωφόρια / Γυναικείες Καμπαρντίνες,107.0
Home / ΚΟΥΖΙΝΑ / Αξεσουάρ Kουζίνας / Εργαλεία Κουζίνας,106.0
Ανδρικά Ρούχα & Αξεσουάρ / Ανδρικά Παπούτσια / Ανδρικές Παντόφλες & Σαγιονάρες,106.0
Προϊόντα Ομορφιάς & Καλλυντικά / Μακιγιάζ / Μακιγιάζ Προσώπου / Ρουζ,102.0
Ανδρικά Ρούχα & Αξεσουάρ / Ανδρικά Ρούχα / Ανδρικά Μπουφάν & Παλτό / Παλτό & Καμπαρντίνες,102.0
Προϊόντα Ομορφιάς / ΑΡΩΜΑΤΑ / Γυναικεία Αρώματα / Body Mists,101.0
Προϊόντα Ομορφιάς & Καλλυντικά / Περιποίηση Σώματος / Ενυδάτωση Σώματος  / Ενυδατικές Κρέμες & Lotion,101.0
"Παιδικά Ρούχα, Παπούτσια & Παιχνίδια / Παιδικά Παπούτσια / Παιδικά Παπούτσια για Αγόρια / Παιδικές Σαγιονάρες & Σανδάλια για Αγόρια",100.0
Γυναικεία Ρούχα & Αξεσουάρ / Γυναικεία Ρούχα / Γυναικεία Πανωφόρια / Γυναικεία Μπουφάν / Γυναικεία Μπουφάν Τζιν,99.0
Ανδρική Μόδα / Ανδρικά Παπούτσια / Ανδρικά Σκαρπίνια & Παπούτσια Oxford,99.0
Γυναικεία Ρούχα & Αξεσουάρ / Γυναικεία Ρούχα / Γυναικεία Πανωφόρια / Γυναικεία Μπουφάν / Δερμάτινα & Faux Δέρμα,99.0
Ανδρική Μόδα / Ανδρικά Ρούχα / Ανδρικά Μπουφάν & Παλτό / Ανδρικά Μπουφάν Bomber,98.0
Γυναικεία Ρούχα & Αξεσουάρ / Γυναικεία Ρούχα / Γυναικεία Μαγιό & Αξεσουάρ Παραλίας / Γυναικεία Ρούχα Παραλίας,97.0
Προϊόντα Ομορφιάς & Καλλυντικά / Μακιγιάζ / Μακιγιάζ Προσώπου / Highlighters Προσώπου,97.0
Προϊόντα Ομορφιάς / ΑΡΩΜΑΤΑ / Γυναικεία Αρώματα / Αποσμητικά Αρωμάτων,97.0
Ανδρικά Ρούχα & Αξεσουάρ / Ανδρικά Αξεσουάρ / Ανδρικά Κασκόλ & Μαντήλια,96.0
"Παιδικά Ρούχα, Παπούτσια & Παιχνίδια / Βρεφικά για Αγόρια / Βρεφικά Ρούχα για Αγόρια / Βρεφικά Μπλουζάκια για Αγόρια",96.0
Γυναικεία Ρούχα & Αξεσουάρ / Γυναικεία Αθλητικά / Γυναικεία Αθλητικά Ρούχα / Γυναικεία Αθλητικά Κολάν,95.0
"Παιδικά Ρούχα, Παπούτσια & Παιχνίδια / Βρεφικά για Κορίτσια / Βρεφικά Ρούχα για Κορίτσι / Βρεφικά Παντελόνια για Κορίτσια / Βρεφικά Κολάν για Κορίτσια",95.0
Γυναικεία Ρούχα & Αξεσουάρ / Γυναικείες Τσάντες / Γυναικεία Νεσεσέρ,95.0
Προϊόντα Ομορφιάς & Καλλυντικά / Μακιγιάζ / Μακιγιάζ Χειλιών / Lip Gloss,94.0
Προϊόντα Ομορφιάς & Καλλυντικά / Μακιγιάζ / Μακιγιάζ Χειλιών / Lip Balm,93.0
Προϊόντα Ομορφιάς / ΑΡΩΜΑΤΑ / Ανδρικά Αρώματα / Σαμπουάν - Αφρόλουτρα & Σαπούνια,93.0
Προϊόντα Ομορφιάς / ΑΡΩΜΑΤΑ / Unisex Αρώματα / Eau de Parfum - Parfum,93.0
Home / ΠΑΙΔΙΑ / Σεντόνια / Σετ Παιδικά Σεντόνια,93.0
Ανδρική Μόδα / Ανδρικά Παπούτσια / Ανδρικά Μποτάκια,93.0
Ανδρική Μόδα / Ανδρικά Ρούχα / Ανδρικά Παντελόνια / Ανδρικά Παντελόνια Επίσημα & Βραδινά,93.0
"Παιδικά Ρούχα, Παπούτσια & Παιχνίδια / Παιδικά Ρούχα & Αξεσουάρ για Αγόρια / Παιδικά Μαγιό & Πετσέτες Θαλάσσης",92.0
"Παιδικά Ρούχα, Παπούτσια & Παιχνίδια / Βρεφικά για Αγόρια / Βρεφικά Ρούχα για Αγόρια / Βρεφικά Παντελόνια για Αγόρια",91.0
Ανδρικά Ρούχα & Αξεσουάρ / Ανδρικά Αθλητικά / Ανδρικά Αθλητικά Ρούχα / Ανδρικά Αθλητικά Σορτς,91.0
Ανδρική Μόδα / Ανδρικά Αθλητικά / Ανδρικά Αθλητικά Ρούχα / Ανδρικά Αθλητικά Σορτς,91.0
"Παιδικά Ρούχα, Παπούτσια & Παιχνίδια / Βρεφικά για Κορίτσια / Βρεφικά Ρούχα για Κορίτσι / Βρεφικά Φορμάκια για Κορίτσια",91.0
Προϊόντα Ομορφιάς / Περιποίηση Σώματος / Προϊόντα Περιποίησης Ποδιών,90.0
"Παιδικά Ρούχα, Παπούτσια & Παιχνίδια / Παιδικά Αθλητικά Ρούχα & Παπούτσια / Παιδικά Αθλητικά Παπούτσια / Παιδικά & Εφηβικά Αθλητικά Παπούτσια",90.0
"Παιδικά Ρούχα, Παπούτσια & Παιχνίδια / Βρεφικά για Αγόρια / Βρεφικά Ρούχα για Αγόρια / Βρεφικά Φορμάκια για Αγόρια",90.0
Προϊόντα Ομορφιάς / ΑΡΩΜΑΤΑ / Unisex Αρώματα / Eau de Cologne,89.0
Ανδρικά Ρούχα & Αξεσουάρ / Ανδρικά Παπούτσια / Ανδρικά Σκαρπίνια & Παπούτσια Oxford,89.0
Ανδρικά Ρούχα & Αξεσουάρ / Ανδρικά Ρούχα / Ανδρικά Τζιν / Ανδρικά Jeans Tapered,89.0
Ανδρικά Ρούχα & Αξεσουάρ / Ανδρικά Ρούχα / Ανδρικά Μπουφάν & Παλτό / Ανδρικά Μπουφάν Bomber,88.0
Ανδρική Μόδα / Ανδρικά Αξεσουάρ / Ανδρικά Γυαλιά Ηλίου,87.0
Προϊόντα Ομορφιάς & Καλλυντικά / Μακιγιάζ / Σετ Μακιγιάζ,86.0
Προϊόντα Ομορφιάς & Καλλυντικά / Μακιγιάζ / Μακιγιάζ Προσώπου / Concealers,86.0
Γυναικεία Ρούχα & Αξεσουάρ / Γυναικεία Αθλητικά / Γυναικεία Αθλητικά Ρούχα / Γυναικεία Αθλητικά Φούτερ,84.0
"Παιδικά Ρούχα, Παπούτσια & Παιχνίδια / Παιδικά Παπούτσια / Παιδικά Παπούτσια για Αγόρια / Παιδικά Sneakers για Αγόρια",83.0
Προϊόντα Ομορφιάς / Περιποίηση Προσώπου / Ενυδάτωση - Αντιγήρανση Προσώπου / Έλαια,83.0
Προϊόντα Ομορφιάς / Μακιγιάζ / Προϊόντα Νυχιών / Top Coats & Βάσεις Νυχιών,83.0
Ανδρικά Ρούχα & Αξεσουάρ / Ανδρικά Αξεσουάρ / Ανδρικές Γραβάτες & Παπιγιόν,82.0
"Παιδικά Ρούχα, Παπούτσια & Παιχνίδια / Παιδικά Ρούχα & Αξεσουάρ για Κορίτσια / Παιδικές Κάλτσες για Κορίτσια",81.0
Ανδρική Μόδα / Ανδρικά Ρούχα / Ανδρικά Μπουφάν & Παλτό / Παλτό & Καμπαρντίνες,81.0
Ανδρικά Ρούχα & Αξεσουάρ / Ανδρικά Ρούχα / Ανδρικά Παντελόνια / Ανδρικά Παντελόνια Cargo,81.0
Ανδρική Μόδα / Ανδρικά Ρούχα / Ανδρικά Σακάκια / Ανδρικά Σακάκια Casual,80.0
Ανδρική Μόδα / Ανδρικά Αθλητικά / Ανδρικά Αθλητικά Παπούτσια / Ανδρικά Αθλητικά Παπούτσια για Τρέξιμο,80.0
Home / ΚΟΥΖΙΝΑ / Τραπεζομάντηλα,80.0
Προϊόντα Ομορφιάς & Καλλυντικά / Μακιγιάζ / Μακιγιάζ Ματιών / Eyeliners,78.0
Προϊόντα Ομορφιάς & Καλλυντικά / Μακιγιάζ / Προϊόντα Νυχιών / Βερνίκια Νυχιών,78.0
Προϊόντα Ομορφιάς / Περιποίηση Σώματος / Καθαρισμός Σώματος / Scrub Σώματος & Απολέπιση Σώματος,78.0
Ανδρικά Ρούχα & Αξεσουάρ / Ανδρικές Τσάντες / Ανδρικά Τσαντάκια,77.0
Προϊόντα Ομορφιάς / ΑΡΩΜΑΤΑ / Γυναικεία Αρώματα / Hair Mists,77.0
Ανδρικά Ρούχα & Αξεσουάρ / Ανδρικά Αξεσουάρ / Ανδρικά Πορτοφόλια & Θήκες,76.0
Home / ΓΡΑΦΕΙΟ / Γραφική Ύλη / Μολύβια,76.0
"Παιδικά Ρούχα, Παπούτσια & Παιχνίδια / Παιδικά Ρούχα & Αξεσουάρ για Αγόρια / Παιδικές Μπλούζες για Αγόρια / Παιδικά Πουλόβερ για Αγόρια",74.0
"Παιδικά Ρούχα, Παπούτσια & Παιχνίδια / Παιδικά Ρούχα & Αξεσουάρ για Κορίτσια / Μαγιό & Πετσέτες Θαλάσσης",74.0
Ανδρική Μόδα / Ανδρικά Παπούτσια / Ανδρικά Σανδάλια,73.0
"Παιδικά Ρούχα, Παπούτσια & Παιχνίδια / Βρεφικά για Κορίτσια / Βρεφικά Ρούχα για Κορίτσι / Βρεφικά Φορέματα & Φούστες για Κορίτσια",73.0
Προϊόντα Ομορφιάς & Καλλυντικά / ΑΡΩΜΑΤΑ / Γυναικεία Αρώματα / Hair Mists,72.0
"Παιδικά Ρούχα, Παπούτσια & Παιχνίδια / Παιδικά Αθλητικά Ρούχα & Παπούτσια / Παιδικά Αθλητικά Παπούτσια / Βρεφικά Αθλητικά Παπούτσια",72.0
Ανδρική Μόδα / Ανδρικά Ρούχα / Ανδρικά Μπουφάν & Παλτό / Ανδρικά Μπουφάν Καπιτονέ,71.0
"Παιδικά Ρούχα, Παπούτσια & Παιχνίδια / Παιδικά Παπούτσια / Παιδικά Παπούτσια για Κορίτσια / Παιδικές Μπότες για Κορίτσια",70.0
Ανδρικά Ρούχα & Αξεσουάρ / Ανδρικά Ρούχα / Ανδρικά Σακάκια / Ανδρικά Σακάκια Casual,70.0
Γυναικεία Ρούχα & Αξεσουάρ / Γυναικεία Ρούχα / Γυναικεία Τζιν / Γυναικεία Boyfriend Τζιν,70.0
Γυναικεία Ρούχα & Αξεσουάρ / Γυναικεία Αξεσουάρ / Γυναικεία Αξεσουάρ Μαλλιών,69.0
Γυναικεία Ρούχα & Αξεσουάρ / Γυναικεία Αθλητικά / Γυναικεία Αθλητικά Ρούχα / Γυναικεία Αθλητικά Παντελόνια Φόρμας,68.0
Προϊόντα Ομορφιάς & Καλλυντικά / ΑΡΩΜΑΤΑ / Ανδρικά Αρώματα / Σετ Αρωμάτων,68.0
Γυναικεία Ρούχα & Αξεσουάρ / Γυναικεία Ρούχα / Γυναικεία Πανωφόρια / Γυναικεία Μπουφάν Παρκά,68.0
Γυναικεία Ρούχα & Αξεσουάρ / Γυναικεία Αξεσουάρ / Γυναικεία Κοσμήματα / Γυναικεία Μενταγιόν,66.0
Προϊόντα Ομορφιάς / Αντηλιακά / Self Tan,66.0
Προϊόντα Ομορφιάς / Προϊόντα Περιποίησης Μαλλιών / Θεραπείες μαλλιών,66.0
Ανδρικά Ρούχα & Αξεσουάρ / Ανδρικά Ρούχα / Ανδρικά Μπουφάν & Παλτό / Ανδρικά Τζιν Μπουφάν,65.0
Προϊόντα Ομορφιάς & Καλλυντικά / Μακιγιάζ / Μακιγιάζ Προσώπου / Bronzers,65.0
Home / Υπνοδωμάτιο / Επιστρώματα,63.0
Προϊόντα Ομορφιάς / Περιποίηση Σώματος / Ενυδάτωση & Περιποίηση Χεριών / Σαπούνια Χεριών,63.0
Γυναικεία Ρούχα & Αξεσουάρ / Γυναικεία Ρούχα / Γυναικεία Πανωφόρια / Γυναικείες Κάπες,63.0
"Παιδικά Ρούχα, Παπούτσια & Παιχνίδια / Παιδικά Αθλητικά Ρούχα & Παπούτσια / Παιδικά Αθλητικά Παπούτσια / Παιδικά Αθλητικά Παπούτσια για Τρέξιμο",61.0
Ανδρικά Ρούχα & Αξεσουάρ / Ανδρικά Αθλητικά / Ανδρικά Αθλητικά Ρούχα / Ανδρικές Αθλητικές Ζακέτες,61.0
Προϊόντα Ομορφιάς & Καλλυντικά / Περιποίηση Προσώπου / Ντεμακιγιάζ & Καθαρισμός Προσώπου / Gel Καθαρισμού Προσώπου & Γαλακτώματα,60.0
Ανδρικά Ρούχα & Αξεσουάρ / Ανδρικά Ρούχα / Ανδρικά Μπουφάν & Παλτό / Ανδρικά Μπουφάν Παρκά,59.0
Home / ΔΙΑΚΟΣΜΗΣΗ / Γραφείο / Ζωγραφική / Μαρκαδόροι Ζωγραφικής,59.0
Προϊόντα Ομορφιάς / ΑΡΩΜΑΤΑ / Ανδρικά Αρώματα / Σετ Αρωμάτων,59.0
Προϊόντα Ομορφιάς & Καλλυντικά / ΑΡΩΜΑΤΑ / Γυναικεία Αρώματα / Αρωματικές Κρέμες & Lotion,58.0
Ανδρική Μόδα / Ανδρικά Αθλητικά / Ανδρικά Αθλητικά Ρούχα / Ανδρικές Αθλητικές Ζακέτες,58.0
Home / ΚΟΥΖΙΝΑ / Τραβέρσες - Ράνερ,57.0
Home / ΔΙΑΚΟΣΜΗΣΗ / Γραφείο / Γραφική Ύλη / Γόμες,57.0
Γυναικεία Ρούχα & Αξεσουάρ / Γυναικεία Ρούχα / Γυναικεία Πανωφόρια / Γυναικεία Μπουφάν / Bomber Μπουφάν Γυναικεία,57.0
Προϊόντα Ομορφιάς / Περιποίηση Προσώπου / Μάσκες Περιποίησης Προσώπου / Μάσκες Αντιγήρανσης & Σύσφιξης Προσώπου,56.0
Home / Υπνοδωμάτιο / Κουβέρτες / Κουβέρτες Υπέρδιπλες,56.0
Γυναικεία Ρούχα & Αξεσουάρ / Γυναικεία Ρούχα / Ζακέτες ,56.0
Προϊόντα Ομορφιάς & Καλλυντικά / Περιποίηση Σώματος / Σετ Περιποίησης Σώματος,56.0
"Παιδικά Ρούχα, Παπούτσια & Παιχνίδια / Βρεφικά για Κορίτσια / Βρεφικά Ρούχα για Κορίτσι / Βρεφικές Μπλούζες για Κορίτσια / Βρεφικά T-shirts για Κορίτσια",56.0
Προϊόντα Ομορφιάς / Προϊόντα Ανδρικής Περιποίησης  / Ανδρική Περιποίηση Προσώπου / Aνδρικές Κρέμες Προσώπου,56.0
Γυναικεία Ρούχα & Αξεσουάρ / Γυναικεία Παπούτσια / Γυναικεία Σκαρπίνια & Oxford,56.0
"Παιδικά Ρούχα, Παπούτσια & Παιχνίδια / Παιδικά Ρούχα & Αξεσουάρ για Αγόρια / Παιδικές Πιτζάμες για Αγόρια",56.0
Γυναικεία Ρούχα & Αξεσουάρ / Γυναικεία Ρούχα / Γυναικεία Τζιν / Γυναικεία Τζιν Mom Fit,56.0
Home / ΧΡΙΣΤΟΥΓΕΝΝΙΑΤΙΚΑ / Χριστουγεννιάτικο Τραπέζι,56.0
Προϊόντα Ομορφιάς & Καλλυντικά / Μακιγιάζ / Μακιγιάζ Ματιών / Μακιγιάζ & Μολύβια Φρυδιών,56.0
Ανδρικά Ρούχα & Αξεσουάρ / Ανδρικά Ρούχα / Ανδρικά Μαγιό & Αξεσουάρ Παραλίας / Μαγιό,56.0
Γυναικεία Ρούχα & Αξεσουάρ / Γυναικεία Παπούτσια / Γυναικεία Flatforms,55.0
Προϊόντα Ομορφιάς & Καλλυντικά / ΑΡΩΜΑΤΑ / Ανδρικά Αρώματα / After Shave Αρωμάτων,55.0
Προϊόντα Ομορφιάς & Καλλυντικά / Περιποίηση Σώματος / Ενυδάτωση & Περιποίηση Χεριών / Σαπούνια Χεριών,55.0
Προϊόντα Ομορφιάς & Καλλυντικά / Περιποίηση Προσώπου / Ενυδάτωση & Αντιγήρανση Ματιών / Κρέμες & Gel,55.0
Ανδρική Μόδα / Ανδρικά Ρούχα / Ανδρικά Μαγιό & Αξεσουάρ Παραλίας / Πετσέτες Θαλάσσης,54.0
Προϊόντα Ομορφιάς / Μακιγιάζ / Μακιγιάζ Προσώπου,54.0
Προϊόντα Ομορφιάς & Καλλυντικά / Μακιγιάζ / Μακιγιάζ Προσώπου / Πούδρες Προσώπου,54.0
Προϊόντα Ομορφιάς / ΑΡΩΜΑΤΑ / Unisex Αρώματα / Eau de Toilette,52.0
"Παιδικά Ρούχα, Παπούτσια & Παιχνίδια / Παιδικά Παπούτσια / Παιδικά Παπούτσια για Κορίτσια / Παιδικές Μπαλαρίνες για Κορίτσια",52.0
Προϊόντα Ομορφιάς & Καλλυντικά / Περιποίηση Προσώπου / Ντεμακιγιάζ & Καθαρισμός Προσώπου / Αφροί Καθαρισμού Προσώπου,51.0
Προϊόντα Ομορφιάς / Περιποίηση Προσώπου / Ντεμακιγιάζ & Καθαρισμός Προσώπου,51.0
"Παιδικά Ρούχα, Παπούτσια & Παιχνίδια / Βρεφικά για Αγόρια / Βρεφικά Ρούχα για Αγόρια / Βρεφικά Παντελόνια για Αγόρια / Βερμούδες & Σορτς",51.0
Προϊόντα Ομορφιάς / Αντηλιακά / After Sun,50.0
Προϊόντα Ομορφιάς / Μακιγιάζ / Μακιγιάζ Χειλιών / Περιποίηση Χειλιών,50.0
Home / ΠΑΙΔΙΑ / Πετσέτες / Σετ Παιδικές Πετσέτες,50.0
Προϊόντα Ομορφιάς / Προϊόντα Περιποίησης Μαλλιών / Hair Mist,50.0
Γυναικεία Ρούχα & Αξεσουάρ / Γυναικεία Παπούτσια / Γυναικεία Παπούτσια Slip-On,50.0
Home / Υπνοδωμάτιο / Παπλώματα / Παπλώματα Υπέρδιπλα,49.0
Προϊόντα Ομορφιάς / Προϊόντα Περιποίησης Μαλλιών / Conditioner Μαλλιών,49.0
Γυναικεία Ρούχα & Αξεσουάρ / Γυναικεία Ρούχα / Γυναικεία Παντελόνια / Γυναικεία Παντελόνια Δερμάτινα,49.0
Ανδρική Μόδα / Ανδρικά Ρούχα / Ανδρικά Τζιν / Ανδρικά Jeans Tapered,48.0
"Παιδικά Ρούχα, Παπούτσια & Παιχνίδια / Παιδικά Ρούχα & Αξεσουάρ για Αγόρια / Παιδικές Κάλτσες για Αγόρια",48.0
Γυναικεία Ρούχα & Αξεσουάρ / Γυναικεία Ρούχα / Γυναικείες Φούστες / Γυναικείες Φούστες Maxi,48.0
Home / Είδη Μπάνιου / Μπουρνούζια,48.0
"Παιδικά Ρούχα, Παπούτσια & Παιχνίδια / Βρεφικά για Αγόρια / Βρεφικά Ρούχα για Αγόρια / Βρεφικά Μπουφάν & Παλτό για Αγόρια",47.0
Home / Υπνοδωμάτιο / Σεντόνια / Σεντόνια Διπλά & Σετ,47.0
Ανδρικά Ρούχα & Αξεσουάρ / Ανδρικά Αθλητικά / Ανδρικά Αθλητικά Ρούχα / Ανδρικά Αθλητικά Φούτερ,47.0
Home / ΠΑΙΔΙΑ / Σεντόνια / Σετ Βρεφικά Σεντόνια & Λίκνου,47.0
Γυναικεία Ρούχα & Αξεσουάρ / Γυναικεία Ρούχα / Γυναικείες Πιτζάμες / Σετ,47.0
"Παιδικά Ρούχα, Παπούτσια & Παιχνίδια / Βρεφικά για Κορίτσια / Βρεφικά Ρούχα για Κορίτσι / Βρεφικά Παλτό & Μπουφάν για Κορίτσια",46.0
"Παιδικά Ρούχα, Παπούτσια & Παιχνίδια / Παιδικά Αθλητικά Ρούχα & Παπούτσια / Παιδικά Αθλητικά Παπούτσια / Παιδικά Αθλητικά Παπούτσια για Γυμναστική",46.0
Γυναικεία Ρούχα & Αξεσουάρ / Γυναικεία Αθλητικά / Γυναικεία Αθλητικά Παπούτσια / Γυναικεία Αθλητικά Παπούτσια Outdoor,45.0
Γυναικεία Ρούχα & Αξεσουάρ / Γυναικεία Αθλητικά / Γυναικεία Αθλητικά Ρούχα / Γυναικείες Αθλητικές Ζακέτες,45.0
Προϊόντα Ομορφιάς / ΑΡΩΜΑΤΑ / Αρωματικά Χώρου,44.0
Ανδρικά Ρούχα & Αξεσουάρ / Ανδρικά Ρούχα / Ανδρικές Βερμούδες,43.0
Home / Υπνοδωμάτιο / Παπλώματα / Παπλώματα Μονά,43.0
Γυναικεία Ρούχα & Αξεσουάρ / Γυναικεία Ρούχα / Γυναικείες Κάλτσες & Καλσόν / Καλσόν,42.0
Γυναικεία Ρούχα & Αξεσουάρ / Γυναικεία Αξεσουάρ / Γυναικεία Μπρελόκ,42.0
"Παιδικά Ρούχα, Παπούτσια & Παιχνίδια / Βρεφικά για Αγόρια / Βρεφικά Ρούχα για Αγόρια / Βρεφικά Μπλουζάκια για Αγόρια / Βρεφικά Μπλουζάκια Πόλο για Αγόρια",42.0
Γυναικεία Ρούχα & Αξεσουάρ / Γυναικεία Αξεσουάρ / Γυναικεία Γυαλιά Ηλίου,42.0
Home / ΔΙΑΚΟΣΜΗΣΗ / Γραφείο / Γραφική Ύλη / Μαρκαδόροι,41.0
Προϊόντα Ομορφιάς / Περιποίηση Σώματος / Προϊόντα Σύσφιξης Σώματος,41.0
Ανδρικά Ρούχα & Αξεσουάρ / Ανδρικά Ρούχα / Ανδρικά Πουκάμισα / Ανδρικά Πουκάμισα Επίσημα & Βραδινά,41.0
Γυναικεία Ρούχα & Αξεσουάρ / Γυναικεία Παπούτσια / Γυναικεία Sneakers / Γυναικεία Trainers Χωρίς Κορδόνια,41.0
Home / ΠΑΙΔΙΑ / Προίκα μωρού,41.0
Γυναικεία Ρούχα & Αξεσουάρ / Γυναικεία Αξεσουάρ / Γυναικεία Γάντια,40.0
Γυναικεία Ρούχα & Αξεσουάρ / Γυναικεία Αξεσουάρ / Γυναικεία Αξεσουάρ Τεχνολογίας / Γυναικείες Θήκες Κινητών,40.0
Ανδρικά Ρούχα & Αξεσουάρ / Ανδρικά Αξεσουάρ / Ανδρικά Γάντια,40.0
"Παιδικά Ρούχα, Παπούτσια & Παιχνίδια / Βρεφικά για Κορίτσια / Βρεφικά Ρούχα για Κορίτσι / Βρεφικές Ζακέτες για Κορίτσια",40.0
Προϊόντα Ομορφιάς / Προϊόντα Ανδρικής Περιποίησης  / Ανδρική Περιποίηση Σώματος / Aνδρικά Αποσμητικά,39.0
"Παιδικά Ρούχα, Παπούτσια & Παιχνίδια / Παιδικά Παπούτσια / Αξεσουάρ Παιδικών Υποδημάτων",39.0
"Παιδικά Ρούχα, Παπούτσια & Παιχνίδια / Παιδικά Παπούτσια / Παιδικά Παπούτσια για Αγόρια / Παιδικές Μπότες για Αγόρια",39.0
Προϊόντα Ομορφιάς / Προϊόντα Ανδρικής Περιποίησης  / Ανδρικό Ξύρισμα,39.0
"Παιδικά Ρούχα, Παπούτσια & Παιχνίδια / Βρεφικά για Αγόρια / Βρεφικά Ρούχα για Αγόρια / Βρεφικές Ζακέτες για Αγόρια",39.0
Γυναικεία Ρούχα & Αξεσουάρ / Γυναικεία Ρούχα / Γυναικεία Πανωφόρια / Γυναικεία Overshirts,39.0
Γυναικεία Ρούχα & Αξεσουάρ / Γυναικεία Αθλητικά / Γυναικεία Αθλητικά Ρούχα / Γυναικείες Αθλητικές Μπλούζες / Γυναικεία Αθλητικά Μπουστάκια,39.0
Home / ΠΑΙΔΙΑ / Κουβέρτες,39.0
Γυναικεία Ρούχα & Αξεσουάρ / Γυναικεία Ρούχα / Γυναικεία Τοπ / Κιμονό,38.0
Ανδρική Μόδα / Ανδρικά Αξεσουάρ / Ανδρικά Γάντια,38.0
Γυναικεία Ρούχα & Αξεσουάρ / Γυναικεία Παπούτσια / Γυναικείες Γόβες,38.0
"Παιδικά Ρούχα, Παπούτσια & Παιχνίδια / Βρεφικά για Κορίτσια / Βρεφικά Ρούχα για Κορίτσι / Βρεφικές Μπλούζες για Κορίτσια / Βρεφικά Φούτερ για Κορίτσια",38.0
Home / ΚΟΥΖΙΝΑ / Αξεσουάρ Kουζίνας / Γάντια & Πιάστρες Κουζίνας,38.0
Home / Υπνοδωμάτιο / Παπλωματοθήκες / Μονές Παπλωματοθήκες & Σετ,38.0
Home / ΓΡΑΦΕΙΟ / Γραφική Ύλη / Γόμες,38.0
Home / ΔΙΑΚΟΣΜΗΣΗ / Κορνίζες,37.0
Ανδρική Μόδα / Ανδρικά Αθλητικά / Ανδρικά Αθλητικά Ρούχα / Ανδρικές Αθλητικές Φόρμες Σετ,37.0
Home / ΚΟΥΖΙΝΑ / Αξεσουάρ Kουζίνας / Είδη Ζαχαροπλαστικής  / Φόρμες Ζαχαροπλαστικής ,37.0
Προϊόντα Ομορφιάς & Καλλυντικά / Περιποίηση Προσώπου / Ντεμακιγιάζ & Καθαρισμός Προσώπου / Τονωτικές Λοσιόν Προσώπου,37.0
Γυναικεία Ρούχα & Αξεσουάρ / Γυναικεία Αξεσουάρ / Γυναικεία Κοσμήματα / Γυναικεία Charms,36.0
Ανδρική Μόδα / Ανδρικά Αξεσουάρ / Ανδρικά Κασκόλ & Μαντήλια,36.0
Ανδρική Μόδα / Ανδρικές Τσάντες / Ανδρικά Νεσεσέρ,36.0
Home / Υπνοδωμάτιο / Κουβερλί,36.0
Home / ΚΟΥΖΙΝΑ / Αξεσουάρ Kουζίνας / Μαχαίρια & Καθαριστές,35.0
Γυναικεία Ρούχα & Αξεσουάρ / Γυναικεία Αθλητικά / Γυναικεία Αθλητικά Ρούχα / Γυναικείες Αθλητικές Μπλούζες / Γυναικεία Αθλητικά Μπλουζάκια Αμάνικα,35.0
Ανδρικά Ρούχα & Αξεσουάρ / Ανδρικά Αθλητικά / Ανδρικός Aθλητικός Eξοπλισμός / Αθλητικά Αξεσουάρ,35.0
Home / ΓΡΑΦΕΙΟ / Γραφική Ύλη / Ξύστρες,34.0
Ανδρική Μόδα / Ανδρικά Ρούχα / Ανδρικά Μπουφάν & Παλτό / Ανδρικά Μπουφάν Overshirts,34.0
Ανδρικά Ρούχα & Αξεσουάρ / Ανδρικά Ρούχα / Ανδρικά Μπουφάν & Παλτό / Ανδρικά Δερμάτινα Μπουφάν,34.0
Προϊόντα Ομορφιάς & Καλλυντικά / Μακιγιάζ / Αξεσουάρ Μακιγιάζ,33.0
Ανδρική Μόδα / Ανδρικά Ρούχα / Ανδρικά Κοστούμια,33.0
Προϊόντα Ομορφιάς / ΑΡΩΜΑΤΑ / Γυναικεία Αρώματα / Eau de Cologne,33.0
Προϊόντα Ομορφιάς / Περιποίηση Προσώπου / Μάσκες Περιποίησης Προσώπου,33.0
"Παιδικά Ρούχα, Παπούτσια & Παιχνίδια / Παιδικά Ρούχα & Αξεσουάρ για Κορίτσια / Παιδικές Μπλούζες για Κορίτσια / Παιδικές Σαλοπέτες για Κορίτσια",33.0
Προϊόντα Ομορφιάς / Περιποίηση Προσώπου / Ενυδάτωση - Αντιγήρανση Προσώπου,33.0
Ανδρική Μόδα / Ανδρικά Αθλητικά,33.0
Home / ΔΙΑΚΟΣΜΗΣΗ / Καλάθια,33.0
Ανδρική Μόδα / Ανδρικά Αθλητικά / Ανδρικά Αθλητικά Ρούχα / Ανδρικά Αθλητικά Φούτερ,32.0
Γυναικεία Ρούχα & Αξεσουάρ / Γυναικεία Ρούχα / Γυναικεία Τοπ / Γυναικείες Μπλούζες,32.0
"Παιδικά Ρούχα, Παπούτσια & Παιχνίδια / Βρεφικά για Κορίτσια / Βρεφικά Ρούχα για Κορίτσι / Βρεφικά Παντελόνια για Κορίτσια / Βρεφικά Τζιν Παντελόνια για Κορίτσια",32.0
"Παιδικά Ρούχα, Παπούτσια & Παιχνίδια / Παιδικά Ρούχα & Αξεσουάρ για Αγόρια / Παιδικά Αξεσουάρ για Αγόρια / Παιδικά Γυαλιά Ηλίου για Αγόρια",32.0
Προϊόντα Ομορφιάς & Καλλυντικά / Μακιγιάζ / Μακιγιάζ Χειλιών / Ενυδάτωση Χειλιών,32.0
Ανδρική Μόδα / Ανδρικά Αξεσουάρ / Ανδρικά Αξεσουάρ Παπουτσιών,32.0
Προϊόντα Ομορφιάς & Καλλυντικά / ΑΡΩΜΑΤΑ / Αρωματικά Χώρου,32.0
Ανδρική Μόδα / Ανδρικά Αξεσουάρ,31.0
Προϊόντα Ομορφιάς / Περιποίηση Σώματος / Καθαρισμός Σώματος,31.0
"Παιδικά Ρούχα, Παπούτσια & Παιχνίδια / Παιδικά Ρούχα & Αξεσουάρ για Κορίτσια / Παιδικές Μπλούζες για Κορίτσια / Παιδικά Πουλόβερ για Κορίτσια",31.0
Προϊόντα Ομορφιάς & Καλλυντικά / Περιποίηση Προσώπου / Μάσκες Περιποίησης Προσώπου / Ενυδατικές Μάσκες Προσώπου,30.0
Προϊόντα Ομορφιάς / ΑΡΩΜΑΤΑ / Γυναικεία Αρώματα / Αφρόλουτρα & Σαπούνια,30.0
"Home / ΚΟΥΖΙΝΑ / Αξεσουάρ Kουζίνας / Εργαλεία Μαγειρικής / Τρίφτες, Πρέσες & Πολτοποιητές Τροφών",30.0
Προϊόντα Ομορφιάς / Περιποίηση Προσώπου / Μάσκες Περιποίησης Προσώπου / Μάσκες Καθαρισμού & Απολέπισης Προσώπου,30.0
Προϊόντα Ομορφιάς / ΑΡΩΜΑΤΑ / Unisex Αρώματα / Αποσμητικά Αρωμάτων,30.0
"Παιδικά Ρούχα, Παπούτσια & Παιχνίδια / Παιδικά Αθλητικά Ρούχα & Παπούτσια / Παιδικά Αθλητικά Παπούτσια",30.0
Home,30.0
Ανδρικά Ρούχα & Αξεσουάρ / Ανδρικά Ρούχα / Ανδρικά Μπουφάν & Παλτό,30.0
Ανδρική Μόδα / Ανδρικά Αξεσουάρ / Ανδρικά Είδη Ταξιδιού,30.0
Γυναικεία Ρούχα & Αξεσουάρ / Γυναικεία Αθλητικά / Γυναικεία Αθλητικά Ρούχα / Γυναικεία Αθλητικά Σορτς,30.0
Προϊόντα Ομορφιάς / Μακιγιάζ / Μακιγιάζ Ματιών / Primer Ματιών,29.0
Προϊόντα Ομορφιάς & Καλλυντικά / Μακιγιάζ / Πινέλα Μακιγιάζ,28.0
Home / Είδη Μπάνιου / Κουρτίνες Μπάνιου,28.0
Ανδρικά Ρούχα & Αξεσουάρ / Ανδρικά Ρούχα / Ανδρικά Παντελόνια / Ανδρικά Παντελόνια Επίσημα & Βραδινά,28.0
Ανδρική Μόδα / Ανδρικά Ρούχα / Ανδρικές Μπλούζες / Αμάνικες,27.0
Home / ΠΑΙΔΙΑ / Παιδικά Μπουρνούζια - Ρόμπες,27.0
Γυναικεία Ρούχα & Αξεσουάρ / Γυναικεία Αξεσουάρ / Γυναικεία Κοσμήματα,27.0
Ανδρική Μόδα / Ανδρικά Αξεσουάρ / Ανδρικές Ομπρέλες,27.0
Ανδρικά Ρούχα & Αξεσουάρ / Ανδρικά Αξεσουάρ / Ανδρικά Γυαλιά Ηλίου,27.0
Ανδρική Μόδα / Ανδρικά Αθλητικά / Ανδρικός Aθλητικός Eξοπλισμός / Ανδρικές Αθλητικές Τσάντες / Ανδρικά Αθλητικά Backpacks,26.0
"Παιδικά Ρούχα, Παπούτσια & Παιχνίδια / Βρεφικά για Αγόρια / Βρεφικά Ρούχα για Αγόρια / Σαλοπέτες",26.0
Home / ΧΡΙΣΤΟΥΓΕΝΝΙΑΤΙΚΑ / Χριστουγεννιάτικα Γούρια,26.0
Home / ΠΑΣΧΑΛΙΝΑ / Πασχαλινές Λαμπάδες / Για Παιδιά,26.0
Προϊόντα Ομορφιάς & Καλλυντικά / ΑΡΩΜΑΤΑ / Unisex Αρώματα / Eau de Toilette,26.0
Home / ΔΙΑΚΟΣΜΗΣΗ / Γραφείο / Διακοσμητικά Γραφείου,25.0
Ανδρικά Ρούχα & Αξεσουάρ / Ανδρικά Αξεσουάρ / Ανδρικές Ομπρέλες,25.0
"Παιδικά Ρούχα, Παπούτσια & Παιχνίδια / Βρεφικά για Κορίτσια / Βρεφικά Ρούχα για Κορίτσι / Βρεφικές Κάλτσες & Καλσόν για Κορίτσια",25.0
"Παιδικά Ρούχα, Παπούτσια & Παιχνίδια / Βρεφικά για Αγόρια / Βρεφικά Ρούχα για Αγόρια / Βρεφικά Φούτερ για Αγόρια",25.0
Home / Υπνοδωμάτιο / Κουβέρτες / Κουβέρτες Μονές,25.0
Γυναικεία Ρούχα & Αξεσουάρ / Γυναικεία Ρούχα / Γυναικεία Πουκάμισα / Γυναικεία Πουκάμισα Βραδινά,25.0
Ανδρικά Ρούχα & Αξεσουάρ / Ανδρικά Αθλητικά,25.0
Προϊόντα Ομορφιάς & Καλλυντικά / Μακιγιάζ / Μακιγιάζ Προσώπου / Primer Προσώπου,24.0
Γυναικεία Ρούχα & Αξεσουάρ / Γυναικεία Αθλητικά / Γυναικεία Αθλητικά Παπούτσια / Αθλητικά Γυναικεία Παπούτσια Προπόνησης,24.0
Προϊόντα Ομορφιάς / Περιποίηση Προσώπου / Μάσκες Περιποίησης Προσώπου / Προϊόντα Λάμψης Προσώπου,24.0
Home / ΚΟΥΖΙΝΑ / Αξεσουάρ Kουζίνας / Εργαλεία Μαγειρικής / Σουρωτήρια,24.0
Home / ΠΑΙΔΙΑ / Παπλωματοθήκες & Σετ,23.0
Γυναικεία Ρούχα & Αξεσουάρ / Γυναικεία Ρούχα / Γυναικεία Πανωφόρια / Γυναικεία Μπουφάν / Biker Μπουφάν Γυναικεία,23.0
Προϊόντα Ομορφιάς / Προϊόντα Περιποίησης Μαλλιών / Μάσκες Μαλλιών,23.0
Γυναικεία Ρούχα & Αξεσουάρ / Γυναικείες Τσάντες / Γυναικεία Αξεσουάρ Τσάντας,23.0
Γυναικεία Ρούχα & Αξεσουάρ / Γυναικεία Ρούχα / Γυναικείες Πιτζάμες,23.0
Προϊόντα Ομορφιάς & Καλλυντικά / Περιποίηση Προσώπου / Ενυδάτωση - Αντιγήρανση Προσώπου / BB & CC Creams,23.0
Προϊόντα Ομορφιάς & Καλλυντικά / Περιποίηση Προσώπου / Ντεμακιγιάζ & Καθαρισμός Προσώπου / Απολέπιση - Peeling Προσώπου,22.0
"Παιδικά Ρούχα, Παπούτσια & Παιχνίδια / Παιδικά Ρούχα & Αξεσουάρ για Κορίτσια / Παιδικά Παλτό για Κορίτσια",22.0
Ανδρική Μόδα / Ανδρικά Αθλητικά / Ανδρικός Aθλητικός Eξοπλισμός / Ανδρικές Αθλητικές Τσάντες / Αθλητικές Τσάντες,22.0
Ανδρική Μόδα / Ανδρικά Ρούχα / Ανδρικά Σακάκια / Βραδινά Σακάκια Ανδρικά,22.0
Προϊόντα Ομορφιάς & Καλλυντικά / Μακιγιάζ / Προϊόντα Νυχιών / Θεραπεία & Περιποίηση Νυχιών,21.0
"Παιδικά Ρούχα, Παπούτσια & Παιχνίδια / Βρεφικά για Αγόρια / Βρεφικά Αξεσουάρ για Αγόρια",21.0
Home / ΔΙΑΚΟΣΜΗΣΗ / Γραφείο / Ζωγραφική / Ξυλομπογιές,21.0
"Παιδικά Ρούχα, Παπούτσια & Παιχνίδια / Βρεφικά για Κορίτσια / Βρεφικά Ρούχα για Κορίτσι / Βρεφικές Σαλοπέτες & Ολόσωμες Φόρμες για Κορίτσια",21.0
"Παιδικά Ρούχα, Παπούτσια & Παιχνίδια / Παιδικά Ρούχα & Αξεσουάρ για Αγόρια / Παιδικά Παντελόνια για Αγόρια",21.0
Προϊόντα Ομορφιάς / Μακιγιάζ / Μακιγιάζ Χειλιών / Primer Χειλιών,21.0
"Παιδικά Ρούχα, Παπούτσια & Παιχνίδια / Παιδικά Ρούχα & Αξεσουάρ για Αγόρια / Παιδικά Αξεσουάρ για Αγόρια / Παιδικά Καπέλα για Αγόρια",20.0
Home / ΚΟΥΖΙΝΑ / Υαλικά / Κανάτες & Μπουκάλια,20.0
Γυναικεία Ρούχα & Αξεσουάρ / Γυναικεία Αξεσουάρ / Γυναικεία Είδη Ταξιδιού,20.0
Γυναικεία Ρούχα & Αξεσουάρ / Γυναικεία Αθλητικά / Γυναικεία Αθλητικά Ρούχα / Γυναικεία Αθλητικά Μπουφάν,20.0
Προϊόντα Ομορφιάς & Καλλυντικά / Αντηλιακά / Σετ Αντηλιακών,20.0
Home / ΓΡΑΦΕΙΟ / Ζωγραφική / Μαρκαδόροι Ζωγραφικής,20.0
Home / ΔΙΑΚΟΣΜΗΣΗ / Γραφείο / Σημειωματάρια & Ημερολόγια,20.0
Γυναικεία Ρούχα & Αξεσουάρ / Γυναικεία Ρούχα / Γυναικείες Πιτζάμες / Γυναικείες Πιτζάμες Σετ,20.0
Home / ΠΑΙΔΙΑ / Παιδικά Σεντόνια / Σετ Παιδικά Σεντόνια,20.0
Ανδρικά Ρούχα & Αξεσουάρ / Ανδρικά Παπούτσια / Ανδρικά Boat Shoes,20.0
Ανδρική Μόδα,19.0
Ανδρική Μόδα / Ανδρικά Αθλητικά / Ανδρικά Αθλητικά Παπούτσια / Ανδρικά Αθλητικά Παπούτσια Outdoor,19.0
Home / ΧΡΙΣΤΟΥΓΕΝΝΙΑΤΙΚΑ / Χριστουγεννιάτικα Δέντρα,19.0
Home / ΔΙΑΚΟΣΜΗΣΗ / Γραφείο / Ζωγραφική / Μπλοκ - Χαρτιά Ζωγραφικής,19.0
Προϊόντα Ομορφιάς & Καλλυντικά / ΑΡΩΜΑΤΑ / Ανδρικά Αρώματα / Αποσμητικά Αρωμάτων,19.0
Προϊόντα Ομορφιάς / Προϊόντα Παιδικής Περιποίησης,19.0
"Παιδικά Ρούχα, Παπούτσια & Παιχνίδια / Βρεφικά για Κορίτσια / Βρεφικά Ρούχα για Κορίτσι / Πυτζάμες",19.0
Προϊόντα Ομορφιάς & Καλλυντικά / Περιποίηση Σώματος / Προϊόντα Σύσφιξης Σώματος,19.0
Γυναικεία Ρούχα & Αξεσουάρ / Γυναικεία Ρούχα / Γυναικείες Πιτζάμες / Γυναικεία Νυχτικά ,19.0
Ανδρικά Ρούχα & Αξεσουάρ / Ανδρικά Ρούχα / Ανδρικά Εσώρουχα / Ανδρικές Φανέλες,18.0
Γυναικεία Ρούχα & Αξεσουάρ / Γυναικεία Ρούχα / Γυναικεία Μαγιό & Αξεσουάρ Παραλίας / Γυναικεία Καπέλα Παραλίας,18.0
Ανδρικά Ρούχα & Αξεσουάρ / Ανδρικά Ρούχα / Ανδρικές Βερμούδες / Ανδρικές Βερμούδες Cargo,18.0
Home / ΚΟΥΖΙΝΑ / Αξεσουάρ Kουζίνας,18.0
Ανδρική Μόδα / Ανδρικά Ρούχα / Ανδρικά Μπουφάν & Παλτό / Ανδρικά Μπουφάν Παρκά,18.0
Προϊόντα Ομορφιάς & Καλλυντικά / ΑΡΩΜΑΤΑ / Unisex Αρώματα / Eau de Parfum - Parfum,18.0
Προϊόντα Ομορφιάς & Καλλυντικά / Αντηλιακά / Αντηλιακά Προσώπου,18.0
Ανδρική Μόδα / Ανδρικά Αξεσουάρ / Ανδρικές Πετσέτες Θαλάσσης,17.0
"Παιδικά Ρούχα, Παπούτσια & Παιχνίδια / Παιδικά Ρούχα & Αξεσουάρ για Αγόρια / Παιδικά Αξεσουάρ για Αγόρια / Παιδικά Δοχεία & Αξεσουάρ Φαγητού για Αγόρια",17.0
Προϊόντα Ομορφιάς / ΑΡΩΜΑΤΑ / Unisex Αρώματα / Αρωματικές Κρέμες & Lotion,17.0
Home / Υπνοδωμάτιο / Παπλωματοθήκες / Διπλές Παπλωματοθήκες & Σετ,17.0
Ανδρική Μόδα / Ανδρικά Παπούτσια / Εσπαντρίγιες,17.0
Προϊόντα Ομορφιάς & Καλλυντικά / Προϊόντα Περιποίησης Μαλλιών / Σαμπουάν Μαλλιών,17.0
Ανδρικά Ρούχα & Αξεσουάρ / Ανδρικά Αθλητικά / Ανδρικά Αθλητικά Ρούχα / Ανδρικές Αθλητικές Φόρμες Σετ,17.0
"Παιδικά Ρούχα, Παπούτσια & Παιχνίδια / Βρεφικά για Αγόρια / Βρεφικά Ρούχα για Αγόρια / Βρεφικές Κάλτσες για Αγόρια",17.0
"Παιδικά Ρούχα, Παπούτσια & Παιχνίδια / Βρεφικά για Κορίτσια / Βρεφικά Ρούχα για Κορίτσι / Βρεφικά Παντελόνια για Κορίτσια",17.0
Προϊόντα Ομορφιάς & Καλλυντικά / Περιποίηση Σώματος / Καθαρισμός Σώματος / Scrub Σώματος & Απολέπιση Σώματος,16.0
Προϊόντα Ομορφιάς / ΑΡΩΜΑΤΑ / Γυναικεία Αρώματα / Αρωματικά Έλαια,16.0
"Παιδικά Ρούχα, Παπούτσια & Παιχνίδια / Βρεφικά για Αγόρια / Βρεφικά Ρούχα για Αγόρια / Βρεφικά Μπλουζάκια για Αγόρια / Πουλόβερ",16.0
"Παιδικά Ρούχα, Παπούτσια & Παιχνίδια / Βρεφικά για Αγόρια / Βρεφικά Ρούχα για Αγόρια / Βρεφικά Πουκάμισα για Αγόρια",16.0
Γυναικεία Ρούχα & Αξεσουάρ / Γυναικεία Ρούχα / Γυναικεία Εσώρουχα / Γυναικεία Εσώρουχα Shape,16.0
Home / ΓΡΑΦΕΙΟ / Ζωγραφική / Ξυλομπογιές,16.0
"Παιδικά Ρούχα, Παπούτσια & Παιχνίδια / Παιδικά Ρούχα & Αξεσουάρ για Κορίτσια / Αξεσουάρ για Κορίτσια",16.0
Ανδρική Μόδα / Ανδρικές Τσάντες / Ανδρικές Τσάντες Χειρός & Λάπτοπ,16.0
Προϊόντα Ομορφιάς & Καλλυντικά / ΑΡΩΜΑΤΑ / Γυναικεία Αρώματα / Αφρόλουτρα & Σαπούνια,16.0
"Παιδικά Ρούχα, Παπούτσια & Παιχνίδια / Παιδικά Ρούχα & Αξεσουάρ για Κορίτσια / Παιδικά Παντελόνια για Κορίτσια / Παιδικά Παντελόνια Υφασμάτινα για Κορίτσια",16.0
Home / ΚΟΥΖΙΝΑ / Αξεσουάρ Kουζίνας / Εργαλεία Μαγειρικής / Σπάτουλες,16.0
"Παιδικά Ρούχα, Παπούτσια & Παιχνίδια / Παιδικά Ρούχα & Αξεσουάρ για Κορίτσια / Παιδικές Μπλούζες για Κορίτσια / Παιδικά Πουκάμισα για Κορίτσια",15.0
Home / Είδη Μπάνιου / Πετσέτες Μπάνιου,15.0
Ανδρική Μόδα / Ανδρικές Τσάντες / Σακ Βουαγιάζ Ανδρικά,15.0
Home / ΠΑΣΧΑΛΙΝΑ / Πασχαλινή Διακόσμηση,15.0
Γυναικεία Ρούχα & Αξεσουάρ / Γυναικείες Τσάντες / Γυναικείες Τσάντες Παραλίας,15.0
Home / ΚΟΥΖΙΝΑ / Επιφάνειες Κοπής,15.0
Γυναικεία Ρούχα & Αξεσουάρ / Γυναικεία Ρούχα / Γυναικεία Πουκάμισα / Γυναικείες Πουκαμίσες & Καφτάνια,15.0
Προϊόντα Ομορφιάς / Προϊόντα Ανδρικής Περιποίησης  / Σετ Προϊόντων,15.0
Home / ΔΙΑΚΟΣΜΗΣΗ / Γραφείο / Γραφική Ύλη / Ξύστρες,15.0
Προϊόντα Ομορφιάς / Περιποίηση Προσώπου,15.0
Home / ΚΟΥΖΙΝΑ / Αξεσουάρ Kουζίνας / Ποδιές Κουζίνας,14.0
Γυναικεία Ρούχα & Αξεσουάρ / Γυναικεία Ρούχα / Γυναικεία Τζιν / Γυναικεία Τζιν Κλασικά,14.0
Home / ΔΙΑΚΟΣΜΗΣΗ / Φωτιστικά &  Φωτισμός,14.0
"Παιδικά Ρούχα, Παπούτσια & Παιχνίδια / Παιδικά Ρούχα & Αξεσουάρ για Κορίτσια / Αξεσουάρ για Κορίτσια / Καπέλα",14.0
Ανδρικά Ρούχα & Αξεσουάρ / Ανδρικά Αθλητικά / Ανδρικά Αθλητικά Παπούτσια / Ανδρικά Αθλητικά Παπούτσια για Περπάτημα,14.0
Ανδρικά Ρούχα & Αξεσουάρ / Ανδρικά Αθλητικά / Ανδρικά Αθλητικά Παπούτσια / Ανδρικά Αθλητικά Παπούτσια Outdoor,14.0
Προϊόντα Ομορφιάς / Περιποίηση Προσώπου / Ενυδάτωση & Αντιγήρανση Ματιών,14.0
Home / ΣΥΣΚΕΥΕΣ ΠΕΡΙΠΟΙΗΣΗΣ / Ξυριστικές Μηχανές,14.0
Home / ΔΙΑΚΟΣΜΗΣΗ / Γραφείο / Γραφική Ύλη / Μύτες Μηχανικών Μολυβιών,14.0
Ανδρικά Ρούχα & Αξεσουάρ / Ανδρικά Αθλητικά / Ανδρικός Aθλητικός Eξοπλισμός / Ανδρικές Αθλητικές Τσάντες / Ανδρικά Αθλητικά Backpacks,14.0
Γυναικεία Ρούχα & Αξεσουάρ / Γυναικεία Ρούχα / Γυναικεία Εσώρουχα / Αξεσουάρ Γυναικείων Εσωρούχων,14.0
"Παιδικά Ρούχα, Παπούτσια & Παιχνίδια / Βρεφικά για Αγόρια / Βρεφικά Αξεσουάρ για Αγόρια / Βρεφικά Καπέλα & Σκούφοι για Αγόρια",14.0
Ανδρική Μόδα / Ανδρικά Ρούχα / Ανδρικά Εσώρουχα / Ανδρικές Φανέλες,14.0
Home / ΚΟΥΖΙΝΑ / Αξεσουάρ Kουζίνας / Εργαλεία Μαγειρικής / Στίφτες,14.0
"Παιδικά Ρούχα, Παπούτσια & Παιχνίδια / Βρεφικά για Αγόρια / Βρεφικά Ρούχα για Αγόρια / Βρεφικά Παντελόνια για Αγόρια / Βρεφικά Jeans για Αγόρια",14.0
Προϊόντα Ομορφιάς / Προϊόντα Ανδρικής Περιποίησης  / Ανδρική Περιποίηση Σώματος / Ανδρικά Αφρόλουτρα,14.0
"Παιδικά Ρούχα, Παπούτσια & Παιχνίδια / Παιδικά Παπούτσια / Παιδικά Παπούτσια για Αγόρια / Επίσημα",14.0
Home / ΜΙΚΡΕΣ ΟΙΚΙΑΚΕΣ ΣΥΣΚΕΥΕΣ / Μίξερ & Μπλέντερ,13.0
Γυναικεία Ρούχα & Αξεσουάρ / Γυναικεία Αξεσουάρ / Γυναικεία Ρολόγια,13.0
Προϊόντα Ομορφιάς & Καλλυντικά / Περιποίηση Προσώπου / Ενυδάτωση - Αντιγήρανση Προσώπου / Νυκτός,13.0
"Παιδικά Ρούχα, Παπούτσια & Παιχνίδια / Βρεφικά για Κορίτσια / Βρεφικά Ρούχα για Κορίτσι / Βρεφικά Παντελόνια για Κορίτσια / Βρεφικά Σορτς για Κορίτσια",13.0
Προϊόντα Ομορφιάς & Καλλυντικά / Προϊόντα Ανδρικής Περιποίησης  / Ανδρικό Ξύρισμα,13.0
Γυναικεία Ρούχα & Αξεσουάρ / Γυναικείες Τσάντες / Γυναικεία Σακ Βουαγιάζ,13.0
Home / ΣΥΣΚΕΥΕΣ ΠΕΡΙΠΟΙΗΣΗΣ / Epilators,13.0
"Παιδικά Ρούχα, Παπούτσια & Παιχνίδια / Παιδικά Ρούχα & Αξεσουάρ για Κορίτσια / Παιδικές Πιτζάμες για Κορίτσια",13.0
Προϊόντα Ομορφιάς / Προϊόντα Ανδρικής Περιποίησης  / Ανδρική Περιποίηση Προσώπου / Ανδρικός Καθαρισμός Προσώπου,13.0
Home / ΜΙΚΡΕΣ ΟΙΚΙΑΚΕΣ ΣΥΣΚΕΥΕΣ / Φριτέζες,13.0
Γυναικεία Ρούχα & Αξεσουάρ / Γυναικεία Ρούχα / Γυναικεία Εσώρουχα / Γυναικεία Κορμάκια ,13.0
Γυναικεία Ρούχα & Αξεσουάρ / Γυναικεία Αξεσουάρ / Γυναικεία Κοσμήματα / Γυναικείες Καρφίτσες,12.0
Home / ΚΟΥΖΙΝΑ / Αξεσουάρ Kουζίνας / Εργαλεία Μαγειρικής / Κουτάλες,12.0
Γυναικεία Ρούχα & Αξεσουάρ / Γυναικεία Ρούχα / Γυναικεία Μαγιό & Αξεσουάρ Παραλίας / Γυναικείες Τσάντες Παραλίας,12.0
Home / ΓΡΑΦΕΙΟ / Γραφική Ύλη,12.0
Home / ΠΑΣΧΑΛΙΝΑ / Πασχαλινές Λαμπάδες / Για Ενήλικες,12.0
Ανδρικά Ρούχα & Αξεσουάρ / Ανδρικά Αθλητικά / Ανδρικός Aθλητικός Eξοπλισμός / Ανδρικές Αθλητικές Τσάντες / Αθλητικές Τσάντες,12.0
"Παιδικά Ρούχα, Παπούτσια & Παιχνίδια / Παιδικά Παπούτσια / Παιδικά Παπούτσια για Κορίτσια / Εσπαντρίγιες",12.0
Προϊόντα Ομορφιάς & Καλλυντικά / ΑΡΩΜΑΤΑ / Ανδρικά Αρώματα / Σαμπουάν - Αφρόλουτρα & Σαπούνια,12.0
Γυναικεία Ρούχα & Αξεσουάρ / Γυναικεία Ρούχα / Γυναικεία Τοπ / Γυναικεία Στράπλες Τοπ & Μπλούζες,12.0
Προϊόντα Ομορφιάς & Καλλυντικά / Περιποίηση Προσώπου / Μάσκες Περιποίησης Προσώπου / Μάσκες Καθαρισμού & Απολέπισης Προσώπου,12.0
Προϊόντα Ομορφιάς & Καλλυντικά / Προϊόντα Περιποίησης Μαλλιών / Θεραπείες μαλλιών,11.0
Προϊόντα Ομορφιάς & Καλλυντικά / ΑΡΩΜΑΤΑ / Γυναικεία Αρώματα / Eau de Cologne,11.0
Προϊόντα Ομορφιάς & Καλλυντικά / Προϊόντα Ανδρικής Περιποίησης  / Ανδρική Περιποίηση Προσώπου / Ανδρικός Καθαρισμός Προσώπου,11.0
Home / ΠΑΙΔΙΑ / Μαξιλάρια,11.0
Home / ΣΥΣΚΕΥΕΣ ΠΕΡΙΠΟΙΗΣΗΣ / Πιστολάκια Μαλλιών,11.0
Home / ΓΡΑΦΕΙΟ / Σημειωματάρια & Ημερολόγια,11.0
Προϊόντα Ομορφιάς & Καλλυντικά / Προϊόντα Ανδρικής Περιποίησης  / Ανδρική Περιποίηση Προσώπου / Aνδρικές Κρέμες Προσώπου,11.0
Προϊόντα Ομορφιάς / Προϊόντα Ανδρικής Περιποίησης  / Ανδρική Περιποίηση Προσώπου / Ανδρικές Κρέμες Ματιών,11.0
Home / ΔΙΑΚΟΣΜΗΣΗ / Γραφείο / Γραφική Ύλη / Μηχανικά Μολύβια,11.0
Ανδρική Μόδα / Ανδρικά Ρούχα / Ανδρικά Μπουφάν & Παλτό / Ανδρικά Δερμάτινα Μπουφάν,11.0
Ανδρικά Ρούχα & Αξεσουάρ / Ανδρικά Ρούχα / Ανδρικές Μπλούζες,11.0
Προϊόντα Ομορφιάς / Περιποίηση Σώματος / Καθαρισμός Σώματος / Bath Bombs,11.0
Ανδρικά Ρούχα & Αξεσουάρ / Ανδρικές Τσάντες / Ανδρικές Βαλίτσες,11.0
Προϊόντα Ομορφιάς & Καλλυντικά / Περιποίηση Προσώπου / Ντεμακιγιάζ & Καθαρισμός Προσώπου / Νερό Καθαρισμού Προσώπου Micellaire,11.0
Home / ΠΑΙΔΙΑ / Παιδικά Σεντόνια / Σετ Βρεφικά Σεντόνια & Λίκνου,11.0
"Παιδικά Ρούχα, Παπούτσια & Παιχνίδια / Βρεφικά για Κορίτσια / Βρεφικά Ρούχα για Κορίτσι / Πιτζάμες για κορίτσια έως 3 ετών",11.0
Προϊόντα Ομορφιάς & Καλλυντικά / Περιποίηση Σώματος / Προϊόντα Περιποίησης Ποδιών,11.0
Προϊόντα Ομορφιάς & Καλλυντικά / ΑΡΩΜΑΤΑ / Γυναικεία Αρώματα / Body Mists,10.0
Γυναικεία Ρούχα & Αξεσουάρ / Γυναικεία Αθλητικά / Γυναικείος Αθλητικός Εξοπλισμός,10.0
Ανδρικά Ρούχα & Αξεσουάρ / Ανδρικά Ρούχα / Ανδρικά Εσώρουχα / Ανδρικές Φανέλες Αμάνικες,10.0
Home / ΠΑΙΔΙΑ / Πετσέτες / Πετσέτες Σώματος,10.0
Ανδρικά Ρούχα & Αξεσουάρ / Ανδρικά Αξεσουάρ / Ανδρικά Αξεσουάρ Παπουτσιών,10.0
Προϊόντα Ομορφιάς & Καλλυντικά / Προϊόντα Περιποίησης Μαλλιών / Conditioner Μαλλιών,10.0
Ανδρική Μόδα / Ανδρικά Αξεσουάρ / Ανδρικά Μανικετόκουμπα,10.0
Προϊόντα Ομορφιάς & Καλλυντικά / Μακιγιάζ / Προϊόντα Νυχιών / Top Coats & Βάσεις Νυχιών,10.0
Προϊόντα Ομορφιάς & Καλλυντικά / ΑΡΩΜΑΤΑ / Γυναικεία Αρώματα / Αποσμητικά Αρωμάτων,10.0
Ανδρικά Ρούχα & Αξεσουάρ / Ανδρικά Παπούτσια / Ανδρικά Σανδάλια,10.0
Ανδρική Μόδα / Ανδρικά Αθλητικά / Ανδρικός Aθλητικός Eξοπλισμός / Ανδρικές Αθλητικές Τσάντες / Ανδρικά Αθλητικά Τσαντάκια Μέσης,10.0
Ανδρικά Ρούχα & Αξεσουάρ / Ανδρικά Ρούχα / Ανδρικές Μπλούζες / Αμάνικες,10.0
"Παιδικά Ρούχα, Παπούτσια & Παιχνίδια / Βρεφικά για Αγόρια / Βρεφικά Ρούχα για Αγόρια / Πιτζάμες για αγόρια έως 3 ετών",10.0
Home / ΚΟΥΖΙΝΑ / Χαλάκια Κουζίνας,10.0
Home / ΓΡΑΦΕΙΟ / Διακοσμητικά Γραφείου,10.0
Γυναικεία Ρούχα & Αξεσουάρ / Γυναικεία Ρούχα / Γυναικείες Πιτζάμες / Ρόμπες & Κιμονό,10.0
Ανδρικά Ρούχα & Αξεσουάρ / Ανδρικές Τσάντες / Σακ Βουαγιάζ Ανδρικά,10.0
Home / ΜΙΚΡΕΣ ΟΙΚΙΑΚΕΣ ΣΥΣΚΕΥΕΣ / Σιδέρωμα,9.0
Προϊόντα Ομορφιάς & Καλλυντικά / Περιποίηση Προσώπου / Μάσκες Περιποίησης Προσώπου,9.0
Γυναικεία Ρούχα & Αξεσουάρ / Γυναικεία Αθλητικά / Γυναικεία Αθλητικά Ρούχα / Αθλητικές Φόρμες Σετ,9.0
Ανδρικά Ρούχα & Αξεσουάρ / Επώνυμα Ανδρικά Ρούχα / Ανδρικές Μπλούζες / Ανδρικά T-Shirts,9.0
Home / ΣΥΣΚΕΥΕΣ ΠΕΡΙΠΟΙΗΣΗΣ / Ηλεκτρικές Οδοντόβουρτσες,9.0
Ανδρική Μόδα / Ανδρικά Αθλητικά / Ανδρικά Αθλητικά Παπούτσια / Ανδρικά Αθλητικά Παπούτσια για Περπάτημα,9.0
Γυναικεία Ρούχα & Αξεσουάρ / Γυναικεία Ρούχα / Γυναικεία Εσώρουχα / Γυναικεία Lingerie ,9.0
"Παιδικά Ρούχα, Παπούτσια & Παιχνίδια / Βρεφικά για Κορίτσια / Βρεφικά Αξεσουάρ για Κορίτσια / Βρεφικά Παιχνίδια για Κορίτσια",9.0
Προϊόντα Ομορφιάς & Καλλυντικά / Αντηλιακά / Αντηλιακά Σώματος,9.0
Προϊόντα Ομορφιάς & Καλλυντικά / Περιποίηση Σώματος / Καθαρισμός Σώματος,9.0
Ανδρικά Ρούχα & Αξεσουάρ / Ανδρικά Αθλητικά / Ανδρικά Αθλητικά Ρούχα / Αθλητικές Μπλούζες / Ανδρικές Αθλητικές Μακρυμάνικες Μπλούζες,9.0
"Παιδικά Ρούχα, Παπούτσια & Παιχνίδια / Βρεφικά για Αγόρια / Βρεφικά Μαγιό & Πετσέτες Θαλάσσης",9.0
Ανδρικά Ρούχα & Αξεσουάρ / Ανδρικές Τσάντες / Ανδρικά Νεσεσέρ,9.0
Home / ΜΙΚΡΕΣ ΟΙΚΙΑΚΕΣ ΣΥΣΚΕΥΕΣ / Βραστήρες,9.0
Προϊόντα Ομορφιάς & Καλλυντικά / Περιποίηση Προσώπου / Ντεμακιγιάζ & Καθαρισμός Προσώπου,9.0
Ανδρικά Ρούχα & Αξεσουάρ / Ανδρικά Ρούχα / Ανδρικά Σακάκια,9.0
Προϊόντα Ομορφιάς & Καλλυντικά / Περιποίηση Σώματος / Ενυδάτωση Σώματος  / Λάδια Σώματος,9.0
Ανδρική Μόδα / Ανδρικές Τσάντες / Ανδρικές Βαλίτσες,8.0
Γυναικεία Ρούχα & Αξεσουάρ / Γυναικεία Ρούχα / Γυναικεία Πλεκτά,8.0
Προϊόντα Ομορφιάς & Καλλυντικά / Μακιγιάζ / Μακιγιάζ Προσώπου / Contouring,8.0
Προϊόντα Ομορφιάς & Καλλυντικά / Περιποίηση Προσώπου / Θεραπείες Προσώπου,8.0
Ανδρικά Ρούχα & Αξεσουάρ / Ανδρικά Αθλητικά / Ανδρικά Αθλητικά Ρούχα / Ανδρικά Αθλητικά Κολάν,8.0
Γυναικεία Ρούχα & Αξεσουάρ / Γυναικεία Ρούχα / Γυναικεία Παντελόνια,8.0
"Home / ΚΟΥΖΙΝΑ / Αξεσουάρ Kουζίνας / Εργαλεία Μαγειρικής / Αναδευτήρες, Χτυπητήρια & Αυγοδάρτες",8.0
"Παιδικά Ρούχα, Παπούτσια & Παιχνίδια / Παιδικά Ρούχα & Αξεσουάρ για Κορίτσια / Παιδικές Μπλούζες για Κορίτσια / Παιδικά Μπλουζάκια Πόλο για Κορίτσια",8.0
Προϊόντα Ομορφιάς / ΑΡΩΜΑΤΑ / Ανδρικά Αρώματα,8.0
Προϊόντα Ομορφιάς / Προϊόντα Περιποίησης Μαλλιών / Λάδια μαλλιών,8.0
Προϊόντα Ομορφιάς / Προϊόντα Περιποίησης Μαλλιών / Βαφές Μαλλιών ,8.0
Γυναικεία Ρούχα & Αξεσουάρ / Γυναικεία Αθλητικά / Γυναικείος Αθλητικός Εξοπλισμός / Τσάντες / Αθλητικά Backpacks,8.0
Προϊόντα Ομορφιάς / Προϊόντα Περιποίησης Μαλλιών,8.0
Ανδρικά Ρούχα & Αξεσουάρ / Ανδρικά Ρούχα / Ανδρικά Κοστούμια,8.0
Home / ΔΙΑΚΟΣΜΗΣΗ / Μαξιλάρια Δαπέδου & Πουφ,8.0
Home / ΔΙΑΚΟΣΜΗΣΗ / Γραφείο / Ζωγραφική / Πινέλα,8.0
Home / ΚΟΥΖΙΝΑ / Είδη μεταφοράς,8.0
Home / ΓΡΑΦΕΙΟ / Γραφική Ύλη / Μηχανικά Μολύβια,8.0
Ανδρικά Ρούχα & Αξεσουάρ / Επώνυμα Ανδρικά Ρούχα / Ανδρικά Πουκάμισα / Ανδρικά Πουκάμισα Casual,7.0
"Παιδικά Ρούχα, Παπούτσια & Παιχνίδια / Βρεφικά για Κορίτσια / Βρεφικά Ρούχα για Κορίτσι / Βρεφικές Μπλούζες για Κορίτσια / Βρεφικά Πουλόβερ για Κορίτσια",7.0
"Παιδικά Ρούχα, Παπούτσια & Παιχνίδια / Βρεφικά για Αγόρια / Βρεφικά Αξεσουάρ για Αγόρια / Βρεφικά Παιχνίδια για Αγόρια",7.0
Προϊόντα Ομορφιάς / Προϊόντα Περιποίησης Μαλλιών / Styling Μαλλιών,7.0
Προϊόντα Ομορφιάς / ΑΡΩΜΑΤΑ / Ανδρικά Αρώματα / Eau de Cologne,7.0
Γυναικεία Ρούχα & Αξεσουάρ / Γυναικεία Αξεσουάρ / Γυναικείες Πετσέτες Θαλάσσης,7.0
"Παιδικά Ρούχα, Παπούτσια & Παιχνίδια / Βρεφικά για Κορίτσια / Βρεφικά Αξεσουάρ για Κορίτσια / Βρεφικές Κορδέλες & Σκούφοι για Κορίτσια",7.0
Ανδρική Μόδα / Ανδρικά Αθλητικά / Ανδρικός Aθλητικός Eξοπλισμός / Ανδρικές Αθλητικές Τσάντες,7.0
Ανδρική Μόδα / Ανδρικά Παπούτσια / Slip-on,7.0
Ανδρική Μόδα / Ανδρικά Αθλητικά / Ανδρικά Αθλητικά Ρούχα / Αθλητικές Μπλούζες / Αθλητικά Αμάνικα,7.0
Προϊόντα Ομορφιάς & Καλλυντικά / Περιποίηση Προσώπου / Ενυδάτωση - Αντιγήρανση Προσώπου / Έλαια,6.0
Γυναικεία Ρούχα & Αξεσουάρ / Γυναικεία Παπούτσια / Γυναικείες Μπότες,6.0
"Παιδικά Ρούχα, Παπούτσια & Παιχνίδια / Βρεφικά για Αγόρια / Βρεφικά Αξεσουάρ για Αγόρια / Σαλιάρες για αγόρια",6.0
Home / ΓΡΑΦΕΙΟ / Ζωγραφική / Χρώματα,6.0
Home / Είδη Μπάνιου,6.0
Προϊόντα Ομορφιάς / Περιποίηση Σώματος / Προϊόντα Αδυνατίσματος,6.0
"Παιδικά Ρούχα, Παπούτσια & Παιχνίδια / Παιδικά Ρούχα & Αξεσουάρ για Κορίτσια / Αξεσουάρ για Κορίτσια / Παιδικές Τσάντες για Κορίτσια",6.0
Ανδρικά Ρούχα & Αξεσουάρ / Ανδρικά Ρούχα / Ανδρικά Τζιν,6.0
Προϊόντα Ομορφιάς & Καλλυντικά / Περιποίηση Σώματος / Ενυδάτωση Σώματος ,6.0
Home / ΚΟΥΖΙΝΑ / Είδη μεταφοράς / Παγούρια,6.0
Home / ΣΥΣΚΕΥΕΣ ΠΕΡΙΠΟΙΗΣΗΣ / Μηχανές Κουρέματος,6.0
Ανδρικά Ρούχα & Αξεσουάρ / Επώνυμα Ανδρικά Ρούχα / Ανδρικές Μπλούζες / Ανδρικές Μπλούζες Πολο,6.0
Ανδρική Μόδα / Ανδρικά Αξεσουάρ / Ανδρικά Κοσμήματα,5.0
Home / ΠΑΙΔΙΑ / Κουβερλί,5.0
Ανδρικά Ρούχα & Αξεσουάρ / Ανδρικά Αξεσουάρ / Ανδρικές Πετσέτες Θαλάσσης,5.0
Προϊόντα Ομορφιάς & Καλλυντικά / Περιποίηση Προσώπου / Ντεμακιγιάζ & Καθαρισμός Προσώπου / Ντεμακιγιάζ Ματιών,5.0
Ανδρικά Ρούχα & Αξεσουάρ / Ανδρικά Ρούχα / Ανδρικά Πλεκτά / Κασμίρ Πουλόβερ Ανδρικά,5.0
Ανδρική Μόδα / Ανδρικά Ρούχα / Ανδρικά Μπουφάν & Παλτό / Μπουφάν Biker Ανδρικά,5.0
Ανδρική Μόδα / Ανδρικά Ρούχα / Ανδρικά Μπουφάν & Παλτό / Ανδρικά Τζιν Μπουφάν,5.0
Ανδρικά Ρούχα & Αξεσουάρ / Ανδρικά Αξεσουάρ / Ανδρικά Κοσμήματα,5.0
Προϊόντα Ομορφιάς / Περιποίηση Σώματος,5.0
Ανδρικά Ρούχα & Αξεσουάρ / Ανδρικές Τσάντες / Ανδρικές Τσάντες Χειρός & Λάπτοπ,5.0
Γυναικεία Ρούχα & Αξεσουάρ / Γυναικεία Ρούχα / Γυναικεία Παντελόνια / Γυναικεία Παντελόνια Capri,5.0
Προϊόντα Ομορφιάς & Καλλυντικά / Περιποίηση Προσώπου / Μάσκες Περιποίησης Προσώπου / Μάσκες Αντιγήρανσης & Σύσφιξης Προσώπου,5.0
"Παιδικά Ρούχα, Παπούτσια & Παιχνίδια / Παιδικά Ρούχα & Αξεσουάρ για Κορίτσια / Παιδικές Μπλούζες για Κορίτσια / Γιλέκα",5.0
Ανδρικά Ρούχα & Αξεσουάρ,5.0
Home / Υπνοδωμάτιο / Παπλώματα / Παπλώματα Ημίδιπλα,5.0
Προϊόντα Ομορφιάς & Καλλυντικά / Μακιγιάζ / Προϊόντα Νυχιών,5.0
"Παιδικά Ρούχα, Παπούτσια & Παιχνίδια / Βρεφικά για Κορίτσια / Μαγιό & Πετσέτες Θαλάσσης",5.0
"Παιδικά Ρούχα, Παπούτσια & Παιχνίδια / Βρεφικά για Κορίτσια / Βρεφικά Αξεσουάρ για Κορίτσια / Βρεφικά Καπέλα για Κορίτσια",5.0
"Παιδικά Ρούχα, Παπούτσια & Παιχνίδια / Παιδικά Ρούχα & Αξεσουάρ για Κορίτσια",5.0
"Παιδικά Ρούχα, Παπούτσια & Παιχνίδια / Σχολικά Είδη / Σχολικές Τσάντες",5.0
Προϊόντα Ομορφιάς & Καλλυντικά / Περιποίηση Προσώπου / Ενυδάτωση & Αντιγήρανση Ματιών / Serum,5.0
"Παιδικά Ρούχα, Παπούτσια & Παιχνίδια / Παιδικά Ρούχα & Αξεσουάρ για Κορίτσια / Παιδικές Μπλούζες για Κορίτσια / Παιδικά Πλεκτά για Κορίτσια",5.0
"Παιδικά Ρούχα, Παπούτσια & Παιχνίδια / Βρεφικά για Κορίτσια / Βρεφικά Αξεσουάρ για Κορίτσια / Βρεφικές Πετσέτες για Κορίτσια",4.0
Προϊόντα Ομορφιάς & Καλλυντικά / Προϊόντα Περιποίησης Μαλλιών / Μάσκες Μαλλιών,4.0
Home / ΜΙΚΡΕΣ ΟΙΚΙΑΚΕΣ ΣΥΣΚΕΥΕΣ / Βραστήρες Αυγών,4.0
Ανδρικά Ρούχα & Αξεσουάρ / Ανδρικά Ρούχα / Ανδρικά Πουκάμισα,4.0
Γυναικεία Ρούχα & Αξεσουάρ / Γυναικεία Παπούτσια / Γυναικείες Γόβες / Peep Toes,4.0
Προϊόντα Ομορφιάς & Καλλυντικά / Προϊόντα Περιποίησης Μαλλιών / Αξεσουάρ Μαλλιών,4.0
Home / ΜΙΚΡΕΣ ΟΙΚΙΑΚΕΣ ΣΥΣΚΕΥΕΣ / Καφετιέρες / Καφετιέρες Φίλτρου,4.0
Ανδρικά Ρούχα & Αξεσουάρ / Ανδρικά Αξεσουάρ / Αξεσουάρ Tεχνολογίας,4.0
Γυναικεία Ρούχα & Αξεσουάρ / Γυναικεία Αθλητικά / Γυναικείος Αθλητικός Εξοπλισμός / Γυναικεία Αθλητικά Καπέλα,4.0
Home / ΔΙΑΚΟΣΜΗΣΗ / Χαλιά ,4.0
"Παιδικά Ρούχα, Παπούτσια & Παιχνίδια / Παιδικά Ρούχα & Αξεσουάρ για Κορίτσια / Αξεσουάρ για Κορίτσια / Παιδικά Δοχεία & Αξεσουάρ Φαγητού για Κορίτσια",4.0
Home / ΚΟΥΖΙΝΑ / Αξεσουάρ Kουζίνας / Εργαλεία Μαγειρικής / Λαβίδες & Τσιμπίδες,4.0
Ανδρικά Ρούχα & Αξεσουάρ / Ανδρικά Αθλητικά / Ανδρικά Αθλητικά Ρούχα / Αθλητικές Μπλούζες / Αθλητικά Αμάνικα,4.0
Home / ΣΥΣΚΕΥΕΣ ΠΕΡΙΠΟΙΗΣΗΣ / Ψαλίδια Μαλλιών,4.0
Προϊόντα Ομορφιάς / Αντηλιακά / Παιδικά & Βρεφικά Αντηλιακά,4.0
Ανδρικά Ρούχα & Αξεσουάρ / Ανδρικά Αθλητικά / Ανδρικός Aθλητικός Eξοπλισμός / Ανδρικά Αθλητικά Καπέλα,4.0
Home / ΠΑΙΔΙΑ / Σεντόνια,4.0
Home / ΚΟΥΖΙΝΑ / Είδη μεταφοράς / Τσάντες φαγητού & Ισοθερμικές,4.0
Προϊόντα Ομορφιάς & Καλλυντικά / Μακιγιάζ / Μακιγιάζ Χειλιών / Primer Χειλιών,4.0
Ανδρικά Ρούχα & Αξεσουάρ / Ανδρικά Αθλητικά / Ανδρικός Aθλητικός Eξοπλισμός / Ανδρικές Αθλητικές Τσάντες,4.0
Ανδρική Μόδα / Ανδρικά Ρούχα / Ανδρικά Μπουφάν & Παλτό,4.0
Home / ΔΙΑΚΟΣΜΗΣΗ / Κουρτίνες,4.0
Προϊόντα Ομορφιάς & Καλλυντικά / Περιποίηση Σώματος / Ενυδάτωση & Περιποίηση Χεριών,4.0
Προϊόντα Ομορφιάς & Καλλυντικά / Περιποίηση Προσώπου / Ενυδάτωση - Αντιγήρανση Προσώπου,4.0
Προϊόντα Ομορφιάς & Καλλυντικά / Περιποίηση Προσώπου / Ενυδάτωση & Αντιγήρανση Ματιών,4.0
Home / ΜΙΚΡΕΣ ΟΙΚΙΑΚΕΣ ΣΥΣΚΕΥΕΣ / Ζυγαριές Κουζίνας ,3.0
Ανδρική Μόδα / Ανδρικά Αθλητικά / Ανδρικά Αθλητικά Ρούχα / Ανδρικά Αθλητικά Μπουφάν / Ανδρικά Αδιάβροχα Μπουφάν,3.0
Home / ΜΙΚΡΕΣ ΟΙΚΙΑΚΕΣ ΣΥΣΚΕΥΕΣ / Τοστιέρες,3.0
Ανδρική Μόδα / Ανδρικά Αθλητικά / Ανδρικά Αθλητικά Παπούτσια / Μπάσκετ,3.0
Προϊόντα Ομορφιάς & Καλλυντικά / ΑΡΩΜΑΤΑ / Unisex Αρώματα / Σετ Αρωμάτων,3.0
Home / ΠΑΙΔΙΑ / Παιδικά Επιστρώματα,3.0
Προϊόντα Ομορφιάς & Καλλυντικά / ΑΡΩΜΑΤΑ / Unisex Αρώματα / Eau de Cologne,3.0
Προϊόντα Ομορφιάς / Αντηλιακά / Αντηλιακά Χειλιών,3.0
"Παιδικά Ρούχα, Παπούτσια & Παιχνίδια / Σχολικά Είδη / Σχολικές Κασετίνες",3.0
Ανδρική Μόδα / Ανδρικά Αθλητικά / Ανδρικός Aθλητικός Eξοπλισμός / Ανδρικά Αθλητικά Καπέλα,3.0
"Παιδικά Ρούχα, Παπούτσια & Παιχνίδια / Παιδικά Ρούχα & Αξεσουάρ για Αγόρια / Παιδικά Αξεσουάρ για Αγόρια / Παιδικά Κασκόλ για Αγόρια",3.0
Προϊόντα Ομορφιάς & Καλλυντικά / Αντηλιακά / Self Tan,3.0
Home / ΠΑΙΔΙΑ / Παιδικά Παπλώματα,3.0
Ανδρική Μόδα / Ανδρικά Ρούχα / Ανδρικές Μπλούζες,3.0
Home / ΠΑΙΔΙΑ / Πετσέτες / Πετσέτες Προσώπου,3.0
Προϊόντα Ομορφιάς & Καλλυντικά / Προϊόντα Ανδρικής Περιποίησης  / Ανδρική Περιποίηση Προσώπου / Ανδρικές Κρέμες Ματιών,3.0
Ανδρικά Ρούχα & Αξεσουάρ / Ανδρικά Παπούτσια,3.0
Προϊόντα Ομορφιάς & Καλλυντικά / Προϊόντα Ανδρικής Περιποίησης  / Ανδρική Περιποίηση Σώματος / Aνδρικές Κρέμες Σώματος,3.0
"Παιδικά Ρούχα, Παπούτσια & Παιχνίδια / Παιδικά Παπούτσια / Παιδικά Παπούτσια για Κορίτσια",3.0
Home / Υπνοδωμάτιο,3.0
"Παιδικά Ρούχα, Παπούτσια & Παιχνίδια / Βρεφικά για Κορίτσια / Βρεφικά Ρούχα για Κορίτσι / Βρεφικά Πουκάμισα για Κορίτσια",3.0
Προϊόντα Ομορφιάς / Περιποίηση Σώματος / Ενυδάτωση Σώματος  / Body Waters,3.0
Ανδρική Μόδα / Ανδρικά Ρούχα / Ανδρικά Μαγιό & Αξεσουάρ Παραλίας / Σλιπ,3.0
Προϊόντα Ομορφιάς / Περιποίηση Σώματος / Ενυδάτωση Σώματος ,3.0
Ανδρικά Ρούχα & Αξεσουάρ / Ανδρικά Αξεσουάρ / Ανδρικά Είδη Ταξιδιού,3.0
"Παιδικά Ρούχα, Παπούτσια & Παιχνίδια / Βρεφικά για Αγόρια / Βρεφικά Αξεσουάρ για Αγόρια / Βρεφικές Πετσέτες για Αγόρια",3.0
Προϊόντα Ομορφιάς / ΑΡΩΜΑΤΑ / Unisex Αρώματα / Αφρόλουτρα & Σαπούνια,3.0
Γυναικεία Ρούχα & Αξεσουάρ / Επώνυμα Γυναικεία Ρούχα / Γυναικεία Φορέματα / Γυναικεία Φορέματα Midi,3.0
Γυναικεία Ρούχα & Αξεσουάρ / Γυναικεία Ρούχα / Γυναικεία Φορέματα,2.0
Ανδρικά Ρούχα & Αξεσουάρ / Ανδρικά Ρούχα / Ανδρικά Μαγιό & Αξεσουάρ Παραλίας / Πετσέτες Θαλάσσης,2.0
Ανδρικά Ρούχα & Αξεσουάρ / Ανδρικά Ρούχα / Ανδρικά Μπουφάν & Παλτό / Μπουφάν Biker Ανδρικά,2.0
"Παιδικά Ρούχα, Παπούτσια & Παιχνίδια / Βρεφικά για Αγόρια / Βρεφικά Ρούχα για Αγόρια / Πυτζάμες",2.0
Home / ΔΙΑΚΟΣΜΗΣΗ / Γραφείο / Ζωγραφική / Κηρομπογιές,2.0
"Παιδικά Ρούχα, Παπούτσια & Παιχνίδια / Παιδικά Ρούχα & Αξεσουάρ για Κορίτσια / Παιδικά Παντελόνια για Κορίτσια",2.0
"Παιδικά Ρούχα, Παπούτσια & Παιχνίδια / Παιδικά Ρούχα & Αξεσουάρ για Κορίτσια / Αξεσουάρ για Κορίτσια / Παιδικοί Σκούφοι & Γάντια για Κορίτσια",2.0
Ανδρικά Ρούχα & Αξεσουάρ / Ανδρικά Αθλητικά / Ανδρικά Αθλητικά Παπούτσια,2.0
Γυναικεία Ρούχα & Αξεσουάρ / Γυναικεία Ρούχα,2.0
Γυναικεία Ρούχα & Αξεσουάρ / Γυναικεία Παπούτσια / Γυναικείες Μπότες / Πάνω Από Το Γόνατο,2.0
Ανδρικά Ρούχα & Αξεσουάρ / Επώνυμα Ανδρικά Ρούχα / Ανδρικά Τζιν / Ανδρικά Τζιν Straight,2.0
Προϊόντα Ομορφιάς / Προϊόντα Ανδρικής Περιποίησης  / Ανδρικά Προϊόντα Μαλλιών / Ανδρικά Σαμπουάν,2.0
"Παιδικά Ρούχα, Παπούτσια & Παιχνίδια / Παιδικά Ρούχα & Αξεσουάρ για Αγόρια / Παιδικά Αξεσουάρ για Αγόρια / Παιδικά Γάντια & Σκούφοι για Αγόρια",2.0
"Παιδικά Ρούχα, Παπούτσια & Παιχνίδια / Παιδικά Ρούχα & Αξεσουάρ για Αγόρια / Παιδικές Μπλούζες για Αγόρια / Γιλέκα",2.0
Ανδρικά Ρούχα & Αξεσουάρ / Ανδρικές Τσάντες,2.0
"Παιδικά Ρούχα, Παπούτσια & Παιχνίδια / Παιδικά Ρούχα & Αξεσουάρ για Αγόρια / Παιδικά Εσώρουχα για Αγόρια",2.0
Προϊόντα Ομορφιάς & Καλλυντικά / Περιποίηση Προσώπου / Μάσκες Περιποίησης Προσώπου / Προϊόντα Λάμψης Προσώπου,2.0
Home / ΠΑΙΔΙΑ / Παπλώματα,2.0
Home / ΔΙΑΚΟΣΜΗΣΗ / Γραφείο / Ζωγραφική / Χρώματα,2.0
Γυναικεία Ρούχα & Αξεσουάρ / Επώνυμα Γυναικεία Ρούχα / Γυναικεία Τοπ / Γυναικείες Μπλούζες Αμάνικες,2.0
Προϊόντα Ομορφιάς / ΑΡΩΜΑΤΑ / Unisex Αρώματα / Σετ Αρωμάτων,2.0
Home / ΠΑΙΔΙΑ / Μαξιλαροθήκες,2.0
Ανδρικά Ρούχα & Αξεσουάρ / Ανδρικά Αξεσουάρ / Ανδρικά Μανικετόκουμπα,2.0
Προϊόντα Ομορφιάς & Καλλυντικά / Αντηλιακά / After Sun,2.0
Γυναικεία Ρούχα & Αξεσουάρ / Επώνυμα Γυναικεία Ρούχα / Γυναικεία Τοπ / Γυναικεία T-Shirts,2.0
Home / ΜΙΚΡΕΣ ΟΙΚΙΑΚΕΣ ΣΥΣΚΕΥΕΣ / Φρυγανιέρες,2.0
Προϊόντα Ομορφιάς & Καλλυντικά / Προϊόντα Περιποίησης Μαλλιών / Hair Mist,2.0
Προϊόντα Ομορφιάς & Καλλυντικά / Προϊόντα Παιδικής Περιποίησης,2.0
Ανδρικά Ρούχα & Αξεσουάρ / Ανδρικά Αθλητικά / Ανδρικά Αθλητικά Ρούχα / Ανδρικά Αθλητικά Μπουφάν / Μπουφάν,2.0
Γυναικεία Ρούχα & Αξεσουάρ / Γυναικεία Αθλητικά / Γυναικείος Αθλητικός Εξοπλισμός / Τσάντες / Αθλητικά Τσαντάκια Μέσης,2.0
Προϊόντα Ομορφιάς & Καλλυντικά / Προϊόντα Ανδρικής Περιποίησης  / Σετ Προϊόντων,2.0
Ανδρική Μόδα / Ανδρικά Αθλητικά / Ανδρικά Αθλητικά Ρούχα / Ανδρικά Αθλητικά Μπουφάν / Μπουφάν,2.0
Γυναικεία Ρούχα & Αξεσουάρ / Γυναικεία Αξεσουάρ,2.0
Προϊόντα Ομορφιάς & Καλλυντικά / Περιποίηση Σώματος / Αποσμητικά,2.0
Ανδρική Μόδα / Ανδρικά Αθλητικά / Ανδρικά Αθλητικά Ρούχα / Αθλητικές Μπλούζες / Ανδρικές Αθλητικές Μακρυμάνικες Μπλούζες,2.0
Γυναικεία Ρούχα & Αξεσουάρ / Επώνυμα Γυναικεία Ρούχα / Γυναικείες Ολόσωμες Φόρμες & Σαλοπέτες,2.0
Γυναικεία Ρούχα & Αξεσουάρ / Επώνυμα Γυναικεία Ρούχα / Γυναικεία Παντελόνια / Παντελόνια σε Ίσια Γραμμή Γυναικεία,2.0
Ανδρική Μόδα / Ανδρικά Ρούχα / Ανδρικές Πιτζάμες / Ανδρικές Πιτζάμες Σετ,1.0
Προϊόντα Ομορφιάς / Προϊόντα Περιποίησης Μαλλιών / Αξεσουάρ Μαλλιών,1.0
Προϊόντα Ομορφιάς & Καλλυντικά / Αντηλιακά / Παιδικά & Βρεφικά Αντηλιακά,1.0
Ανδρική Μόδα / Ανδρικά Ρούχα / Ανδρικά Τζιν,1.0
Γυναικεία Ρούχα & Αξεσουάρ / Γυναικεία Ρούχα / Γυναικεία Εσώρουχα / Boxers,1.0
Home / ΣΥΣΚΕΥΕΣ ΠΕΡΙΠΟΙΗΣΗΣ,1.0
Home / ΠΑΙΔΙΑ / Παιδικά Χαλιά,1.0
Προϊόντα Ομορφιάς & Καλλυντικά / Περιποίηση Σώματος / Καθαρισμός Σώματος / Bath Bombs,1.0
Ανδρικά Ρούχα & Αξεσουάρ / Ανδρικά Παπούτσια / Εσπαντρίγιες,1.0
"Παιδικά Ρούχα, Παπούτσια & Παιχνίδια / Παιδικά Ρούχα & Αξεσουάρ για Αγόρια / Παιδικά Αξεσουάρ για Αγόρια / Παιδικά Είδη Ταξιδιού για Αγόρια",1.0
Home / ΣΥΣΚΕΥΕΣ ΠΕΡΙΠΟΙΗΣΗΣ / Πρέσες Μαλλιών,1.0
Προϊόντα Ομορφιάς & Καλλυντικά / Προϊόντα Περιποίησης Μαλλιών / Λάδια μαλλιών,1.0
Γυναικεία Ρούχα & Αξεσουάρ / Γυναικεία Παπούτσια / Γυναικείες Μπότες / Biker,1.0
Ανδρικά Ρούχα & Αξεσουάρ / Ανδρικά Ρούχα / Ανδρικά Εσώρουχα / Ανδρικά Σλιπ,1.0
Home / ΠΑΙΔΙΑ / Πετσέτες / Παιδικές Πετσέτες Χεριών,1.0
"Παιδικά Ρούχα, Παπούτσια & Παιχνίδια / Παιδικά Αθλητικά Ρούχα & Παπούτσια / Παιδικά Αθλητικά Ρούχα / Παιδικά Αθλητικά Ρούχα για Κορίτσια",1.0
Προϊόντα Ομορφιάς & Καλλυντικά / Προϊόντα Περιποίησης Μαλλιών / Βαφές Μαλλιών ,1.0
Home / ΚΟΥΖΙΝΑ / Αξεσουάρ Kουζίνας / Είδη Ζαχαροπλαστικής  / Εργαλεία Ζαχαροπλαστικής,1.0
Γυναικεία Ρούχα & Αξεσουάρ / Γυναικεία Αθλητικά / Γυναικεία Αθλητικά Παπούτσια / Αθλητικά Παπούτσια Γυναικεία για Περπάτημα,1.0
Ανδρική Μόδα / Ανδρικά Ρούχα / Ανδρικά Τζιν / Skinny Τζιν Ανδρικά,1.0
Ανδρικά Ρούχα & Αξεσουάρ / Ανδρικά Ρούχα / Ανδρικά Πλεκτά / Ανδρικά Γιλέκα,1.0
Γυναικεία Ρούχα & Αξεσουάρ / Επώνυμα Γυναικεία Ρούχα / Γυναικεία Παντελόνια / Γυναικεία Παντελόνια Φόρμας,1.0
Home / ΜΙΚΡΕΣ ΟΙΚΙΑΚΕΣ ΣΥΣΚΕΥΕΣ / Κοπτικά & Μύλοι,1.0
Home / ΜΙΚΡΕΣ ΟΙΚΙΑΚΕΣ ΣΥΣΚΕΥΕΣ / Καφετιέρες / Καφετιέρες Γαλλικού Χειρός,1.0
"Παιδικά Ρούχα, Παπούτσια & Παιχνίδια / Βρεφικά για Κορίτσια / Βρεφικά Αξεσουάρ για Κορίτσια / Βρεφικές Κουβέρτες για Κορίτσια",1.0
Ανδρικά Ρούχα & Αξεσουάρ / Επώνυμα Ανδρικά Ρούχα / Ανδρικές Βερμούδες / Ανδρικές Βερμούδες Cargo,1.0
Ανδρική Μόδα / Ανδρικά Ρούχα / Ανδρικά Πλεκτά / Ανδρικά Γιλέκα,1.0
Home / ΔΙΑΚΟΣΜΗΣΗ / Είδη για κατοικίδια,1.0
Home / ΠΑΙΔΙΑ / Πάντες Κούνιας,1.0
Ανδρική Μόδα / Ανδρικά Αθλητικά / Ανδρικά Αθλητικά Ρούχα / Ανδρικά Αθλητικά Μπουφάν / Ανδρικά Μπουφάν Αντιανεμικά,1.0
Προϊόντα Ομορφιάς / Μακιγιάζ / Μακιγιάζ Χειλιών / Scrub Χειλιών,1.0
Γυναικεία Ρούχα & Αξεσουάρ / Γυναικείες Τσάντες / Γυναικείες Βαλίτσες,1.0
Ανδρικά Ρούχα & Αξεσουάρ / Ανδρικά Αθλητικά / Ανδρικά Αθλητικά Παπούτσια / Ανδρικά Αθλητικά Παπούτσια Training,1.0
Ανδρική Μόδα / Ανδρικά Αθλητικά / Ανδρικά Αθλητικά Παπούτσια / Ανδρικά Αθλητικά Παπούτσια Training,1.0
"Παιδικά Ρούχα, Παπούτσια & Παιχνίδια / Βρεφικά για Κορίτσια / Βρεφικά Αξεσουάρ για Κορίτσια",1.0
Home / ΔΙΑΚΟΣΜΗΣΗ / Τραπέζια,1.0
Γυναικεία Ρούχα & Αξεσουάρ / Γυναικεία Αθλητικά / Γυναικείος Αθλητικός Εξοπλισμός / Τσάντες / Γυναικείες Αθλητικές Τσάντες,1.0
"Παιδικά Ρούχα, Παπούτσια & Παιχνίδια / Παιδικά Ρούχα & Αξεσουάρ για Κορίτσια / Παιδικά Εσώρουχα για Κορίτσια",1.0
"Παιδικά Ρούχα, Παπούτσια & Παιχνίδια / Σχολικά Είδη",1.0
"Παιδικά Ρούχα, Παπούτσια & Παιχνίδια / Παιδικά Ρούχα & Αξεσουάρ για Κορίτσια / Αξεσουάρ για Κορίτσια / Παιδικά Κασκόλ για Κορίτσια ",1.0
Ανδρικά Ρούχα & Αξεσουάρ / Επώνυμα Ανδρικά Ρούχα / Ανδρικές Βερμούδες,1.0
Home / ΜΙΚΡΕΣ ΟΙΚΙΑΚΕΣ ΣΥΣΚΕΥΕΣ / Καφετιέρες / Μηχανές Espresso,1.0
Γυναικεία Ρούχα & Αξεσουάρ / Γυναικείες Τσάντες / Γυναικείες Τσάντες Λάπτοπ,1.0
"Παιδικά Ρούχα, Παπούτσια & Παιχνίδια / Παιδικά Ρούχα & Αξεσουάρ για Κορίτσια / Αξεσουάρ για Κορίτσια / Παιδικά Είδη Ταξιδιού για Κορίτσια",1.0
Γυναικεία Ρούχα & Αξεσουάρ / Γυναικεία Ρούχα / Γυναικεία Πουκάμισα,1.0
"Παιδικά Ρούχα, Παπούτσια & Παιχνίδια / Παιδικά Ρούχα & Αξεσουάρ για Κορίτσια / Αξεσουάρ για Κορίτσια / Παιδικά Γυαλιά Ηλίου για Κορίτσια",1.0
Προϊόντα Ομορφιάς & Καλλυντικά / ΑΡΩΜΑΤΑ / Unisex Αρώματα / Αρωματικές Κρέμες & Lotion,1.0
Γυναικεία Ρούχα & Αξεσουάρ / Γυναικεία Αθλητικά / Γυναικείος Αθλητικός Εξοπλισμός / Γυναικεία Αθλητικά Αξεσουάρ,1.0
Προϊόντα Ομορφιάς & Καλλυντικά / ΑΡΩΜΑΤΑ / Ανδρικά Αρώματα / Αρωματικές Κρέμες & Lotion,1.0
Home / ΜΙΚΡΕΣ ΟΙΚΙΑΚΕΣ ΣΥΣΚΕΥΕΣ / Αποχυμωτές & Στίφτες,1.0
Γυναικεία Ρούχα & Αξεσουάρ / Γυναικεία Αξεσουάρ / Γυναικεία Στυλό - Πένες,1.0
Home / ΜΙΚΡΕΣ ΟΙΚΙΑΚΕΣ ΣΥΣΚΕΥΕΣ / Ατμομάγειρες,1.0
Ανδρικά Ρούχα & Αξεσουάρ / Ανδρικά Ρούχα / Ανδρικές Πιτζάμες / Ανδρικές Πιτζάμες Σετ,1.0
Ανδρική Μόδα / Ανδρικά Αξεσουάρ / Γυαλιά Οράσεως & Πρεσβυωπίας,1.0
Ανδρικά Ρούχα & Αξεσουάρ / Ανδρικά Αξεσουάρ / Θήκες,1.0
Προϊόντα Ομορφιάς & Καλλυντικά / Αντηλιακά / Αντηλιακά Μαλλιών,1.0
Ανδρικά Ρούχα & Αξεσουάρ / Ανδρικά Αξεσουάρ / Γυαλιά Οράσεως & Πρεσβυωπίας,1.0
